Date,Trustee_Conservative,Market_Balanced,Kelly_Growth
2019-01-03,0.0066813725805762855,0.008675384028437838,0.009685047268207958
2019-01-04,-0.003456281805161098,-0.005087965264727313,-0.006275101940845272
2019-01-07,0.006519985147029664,0.01049100179615377,0.011582716567790951
2019-01-08,0.004181279600283232,0.00592306458911065,0.006382866450525537
2019-01-09,0.003972648705726104,0.005975332848020858,0.006716282007477639
2019-01-10,-0.0004910709040018968,-0.00033542705472588963,-0.0005338258936817776
2019-01-11,0.0010788365276478205,0.001023613855449429,0.0011163886978306581
2019-01-14,-0.0009970576856522318,-0.002170462682141272,-0.003059962089257291
2019-01-15,0.0030666870930197566,0.005245792948556344,0.006164463590183274
2019-01-16,0.00242942292341633,0.002809751363508445,0.0029994071652692618
2019-01-17,0.0021363223262243804,0.003227283615397136,0.004132310525047316
2019-01-18,0.001790773471492503,0.003386652806721279,0.0037408297812858062
2019-01-21,0.004167471665250664,0.005301999637852772,0.00611709609251563
2019-01-22,-0.001685719597236842,-0.0021233627472177995,-0.0018846275701155588
2019-01-23,-0.0016212535502932001,-0.0024651539026448064,-0.0026839413304699045
2019-01-24,0.002879961352780537,0.003386670240353501,0.003806400174618193
2019-01-25,0.00507736378078498,0.006696231262307679,0.007540643375409954
2019-01-29,-0.0031029186064196078,-0.00522818032371149,-0.0068563666078634115
2019-01-30,0.0009408789108621173,0.0014388762940800827,0.0015566511121670804
2019-01-31,0.002081624809813079,0.002095520497256931,0.0025119884904530234
2019-02-01,0.002095513459197139,0.0026112626157006103,0.003169556187631439
2019-02-04,0.0010977441872113626,0.0015646573155782715,0.0014328941940682572
2019-02-05,0.0044128232383825105,0.006915098733027453,0.006827690728233226
2019-02-06,0.005784593853786139,0.00817793549264938,0.010767257030347643
2019-02-07,0.003948414275777618,0.00547713141108005,0.005416340080621232
2019-02-08,-0.002614558171263301,-0.004743844034024986,-0.005841897279727211
2019-02-11,2.0588398132104257e-05,-0.0005048392365184729,-0.0007431595041373872
2019-02-12,0.003123521809942913,0.004790548199436445,0.005587151880278746
2019-02-13,0.001046924551062509,0.0013034822418181715,0.001550841302341788
2019-02-14,-0.00042834525095811204,0.00026123077952932547,0.0002605363779051639
2019-02-15,0.0006082178233501167,0.0005098413304468641,0.00025877731754146986
2019-02-18,0.00549719344736547,0.006677679608763676,0.006669828780897768
2019-02-19,0.0002828297239552193,0.0009337057178754603,0.0014890687390650924
2019-02-20,-0.00021872103420444208,-0.0015991419009578345,-0.0019680096874654944
2019-02-21,0.0037606579825884725,0.005206185372140176,0.005728137591700314
2019-02-22,0.0010094406070677128,0.002276402718168857,0.0029453217909323685
2019-02-25,0.0018109911039538918,0.002134270712482034,0.002438041422968338
2019-02-26,-0.0031094188850017807,-0.004468104585817128,-0.004820623364480001
2019-02-27,0.0014987834275002599,0.0019461547755114162,0.0018870030106684676
2019-02-28,0.0005175810366102917,0.001249453963819719,0.001353951275119056
2019-03-01,0.002725844458411357,0.005024065950584784,0.006077746290749633
2019-03-04,0.00163955316570935,0.00326139205865712,0.004178232802906315
2019-03-05,-0.0022538331156409853,-0.003437917540402913,-0.003983172716087594
2019-03-06,0.002961254282526381,0.004257779628144648,0.005124754618228323
2019-03-07,6.274014450229236e-05,3.938493317923167e-05,-0.0008319738682424917
2019-03-08,-0.0034909946627877213,-0.005871206752980945,-0.006747448684114359
2019-03-11,0.0004950123452912758,-0.00039477740693036334,-0.0007444097009810335
2019-03-12,0.0028779972970555444,0.004447403692504682,0.005726644244292589
2019-03-13,0.0006265878518174005,-0.0005756580580661029,-0.0013692378615528667
2019-03-14,0.002615021316164164,0.0031972251167852626,0.0038227782711419004
2019-03-15,0.0008403558859575331,0.0012956163079248851,0.0013186286236757994
2019-03-18,0.0007060600120870875,0.0011653605580920876,0.0015655077334117118
2019-03-19,0.002117418283637349,0.0024024721654446577,0.0026064798878913577
2019-03-20,0.00019913874657347065,-0.0005698567005264165,-0.0005279847865004727
2019-03-21,-0.0014230822425888665,-0.0027779227844028477,-0.0038290333601687055
2019-03-22,0.004001615275799144,0.005102899162679602,0.005324026328139367
2019-03-25,-0.005676510894357738,-0.010063977315983408,-0.012286271000989382
2019-03-26,0.001737935605478974,0.002183907983038047,0.0022568679355329615
2019-03-27,0.0011818143249114252,0.0016151265300494045,0.0020903517119296162
2019-03-28,0.0004275021948685287,0.00010859661019362274,-0.0006478773702129469
2019-03-29,0.0013537027294218728,0.0027678966858392384,0.003937124534581879
2019-04-01,0.002236114648118859,0.0040234820023337505,0.00488393755874095
2019-04-02,0.003274363819230322,0.004539694906624154,0.005442573311139452
2019-04-03,0.002779158347246469,0.004028106447919294,0.004265317465320023
2019-04-04,-0.0032807306745646823,-0.00426611504576192,-0.004249147505324453
2019-04-05,-0.0017841712221588846,-0.0023111859910341704,-0.0018132718367674882
2019-04-08,0.003489892899253002,0.004451660430904142,0.004827459825769034
2019-04-09,-0.00106497245196976,-0.0011171358281558909,-0.0011206482977371233
2019-04-10,-0.00023655085063265966,-0.0005289660706818131,-0.0007901119840129534
2019-04-11,0.00021986099406632318,-0.0005723413976801706,-0.0011047193314081083
2019-04-12,0.0019075975403611656,0.0033563351509369515,0.0034632893327348705
2019-04-15,-0.0010436162102737657,-0.0002259302350541226,0.00010418698067688695
2019-04-16,0.0019138934436395915,0.002770816771952028,0.003172901323552706
2019-04-17,-0.0020302820107429022,-0.0027357993638001954,-0.003210013440454599
2019-04-18,-0.002133816858263431,-0.0026472888806413075,-0.0028850874709036756
2019-04-23,0.006534073352205223,0.009144399207565119,0.010357902851774424
2019-04-24,0.006993712264363672,0.008988460537874138,0.010142817707630196
2019-04-26,0.0017138930472240953,0.0008301265690945192,7.993261279447684e-05
2019-04-29,-0.0006688491516130424,-0.00124893022261659,-0.0011616003070009182
2019-04-30,-0.0009821116144885756,-0.0020591319502202055,-0.0022163773346238766
2019-05-01,0.0035511873444256953,0.004928811485652025,0.005380539704463877
2019-05-02,-0.004163621167294963,-0.005346090008457832,-0.005314251712852498
2019-05-03,0.00048803432748470096,0.0006579777757002192,0.0007651254639311878
2019-05-06,-0.0044136762787961,-0.007273622784960399,-0.00895775288598851
2019-05-07,0.0006841452143667782,0.0006906850972484557,0.00025557902980774224
2019-05-08,-0.002789949651561797,-0.004286826305330194,-0.004930445295033559
2019-05-09,0.0005927652232714895,0.0008704561227884211,0.0003548579851792122
2019-05-10,0.0006427660911057443,0.000725014297556964,0.0005663217201457057
2019-05-13,-0.00038938314132040523,-0.000590137356350312,-0.0010997355681445953
2019-05-14,-0.0039053241890198483,-0.00597844398969985,-0.006670051969024571
2019-05-15,0.004867841647937527,0.0071404826958691775,0.008652527607527586
2019-05-16,0.002640378202694533,0.0033832405882229634,0.0030644454173676407
2019-05-17,0.005186667862097578,0.0067579305481352825,0.007124771585992118
2019-05-20,0.0017701205191421488,0.0028850237958904018,0.0014559931107975105
2019-05-21,0.0013563096850008282,0.002278076707857751,0.0028895373830672443
2019-05-22,0.0009538708118971462,0.0013987742033278127,0.001600809708841686
2019-05-23,-0.001252124674168723,-0.0024023383854962278,-0.0031483014392314664
2019-05-24,-0.001893978876691993,-0.0034937539126728813,-0.0041254927926874345
2019-05-27,-0.0006337562973491296,-0.0010357216593915588,-0.0015040532000198737
2019-05-28,0.0020237633213052073,0.0031481258569366457,0.003764588503602691
2019-05-29,-0.00400352691736978,-0.006883458575207419,-0.008015867787266488
2019-05-30,-0.004808066403020624,-0.0060296266904965755,-0.006066033295312801
2019-05-31,5.3276387872801256e-05,-0.0007757721651422522,-0.0010903933850160462
2019-06-03,-0.003838090703234609,-0.006193748598072113,-0.006869201143191572
2019-06-04,0.0018625162071643352,0.001856735833514811,0.001191673838077736
2019-06-05,0.0057114049974065885,0.006684562053197085,0.007166857097641467
2019-06-06,0.003134618750364844,0.004675188150936927,0.0049763591976192244
2019-06-07,0.004022895358860951,0.005820700601296575,0.0062893743212309216
2019-06-11,0.010045907543618351,0.01374359778427806,0.015756007551253046
2019-06-12,-0.0003951103356036633,-0.000496135927723823,-0.0004243979299863365
2019-06-13,0.0007085837422893215,0.0006662771244792642,0.0007398844935639048
2019-06-14,0.0032441422360518766,0.0036258348852717726,0.003934267483432388
2019-06-17,-0.0006875924156290758,-0.0014333606388739208,-0.0013553723686390595
2019-06-18,0.0018979939980515326,0.003442553823091271,0.00401089949123604
2019-06-19,0.00616164302464994,0.008361371781729382,0.009307041778759292
2019-06-20,0.006139554121254196,0.006915086198825183,0.007516435903458563
2019-06-21,-0.0008507706501116529,-0.002425127996416482,-0.002916512229732348
2019-06-24,0.0007616723937439707,0.0010837946493762963,0.0004913272111664946
2019-06-25,-0.00015523740750398294,-0.0008930010422932011,-0.0015065166111282247
2019-06-26,-0.0038248881840181226,-0.004800224740785474,-0.005111907823341198
2019-06-27,4.7059093796578805e-05,0.0007670574463037315,0.0009402192501589655
2019-06-28,-0.0015432693259837449,-0.0023339486645361615,-0.002622670298579638
2019-07-01,0.006124494199928115,0.008812863547566625,0.010582568105766047
2019-07-02,-7.792195460563315e-05,-0.00041406841034265506,-0.0001204107464391968
2019-07-03,0.00359178744204554,0.003909857039278602,0.003172542066200865
2019-07-04,0.002642368817016227,0.003595603915337575,0.003690063872547651
2019-07-05,0.0026198279330309185,0.0037419231446361276,0.004060487589706061
2019-07-08,-0.006139989166859757,-0.008302919758790144,-0.008971354301972776
2019-07-09,-0.0009519284707969955,-0.0010357318398850181,-0.0006324147925612888
2019-07-10,0.0019706461604217327,0.0035731613522959785,0.00461807963523265
2019-07-11,0.0033555576336134277,0.004475020338650765,0.004747133264194625
2019-07-12,-0.003813405065765978,-0.0039382340567138295,-0.004283375800524172
2019-07-15,-0.0026773439364888405,-0.0038570285588359282,-0.004296742638547735
2019-07-16,0.0009350887064601264,0.0003743244088250941,0.00046017175196574894
2019-07-17,0.0009196262784306618,0.001132845020444079,0.0010461099334602153
2019-07-18,-0.0037392409949018536,-0.005404053779479733,-0.0063527407864639954
2019-07-19,0.005936309469893407,0.007517518387947097,0.008081953298529993
2019-07-22,-0.0025270511373806535,-0.003312159832122708,-0.0034578716432669596
2019-07-23,0.002564366884858506,0.003594346047078367,0.003907694986872652
2019-07-24,0.004755566057221008,0.006543971495998923,0.007367303458986316
2019-07-25,0.00433260375729605,0.005386484109777956,0.0058256309590676405
2019-07-26,-0.001398792924808342,-0.002229369010466842,-0.0025587248285054245
2019-07-29,0.0020535252433183447,0.0026125869300606896,0.002951881841414663
2019-07-30,0.0016579231457626244,0.0026161749756919758,0.003091461530721467
2019-07-31,-0.0013579453830268708,-0.0029086114130471297,-0.0037168112241874555
2019-08-01,-0.0036812886295013816,-0.004450107239892731,-0.004807212036202706
2019-08-02,0.0004514710145153366,-0.0019477245450609027,-0.0031595145807628835
2019-08-05,-0.005674706457536027,-0.009138781692917312,-0.010602205499063991
2019-08-06,-0.009817024077034182,-0.016170245568937064,-0.01734235211584185
2019-08-07,0.006348727382472986,0.007760730032552876,0.008683381583978054
2019-08-08,0.003396113170062669,0.004846065853767867,0.004783206177443593
2019-08-09,0.002892420765971009,0.0035069066614221264,0.003508563991429305
2019-08-12,-0.0001421453165693599,0.00047097462446684106,0.0009846296304459757
2019-08-13,-0.0017367060082090458,-0.0036134419703182036,-0.004866671202794925
2019-08-14,0.002672621664982001,0.0038278940919260207,0.004205327699036175
2019-08-15,-0.011766256601222522,-0.018606882515086298,-0.020963436452237055
2019-08-16,0.0013765074207498264,0.0011284567481083584,0.0012468022863290807
2019-08-19,0.006390395419667197,0.010076284232073757,0.011984446123505778
2019-08-20,0.0026568791398591065,0.005365515571440809,0.005749191058664799
2019-08-21,-0.0033550408279380294,-0.005279085503405134,-0.005456159330881534
2019-08-22,0.002965292647362154,0.0034795485718783327,0.0036800249808790976
2019-08-23,0.0010474094803305245,0.0028160217444848593,0.0033658549799218083
2019-08-26,-0.00761749656272252,-0.012705001335022538,-0.014864299617315472
2019-08-27,0.0037944567565505473,0.005647014963644748,0.006308764345020986
2019-08-28,0.002989550473425,0.004010145092877148,0.004504892881403644
2019-08-29,0.0005051939815099915,0.0004958560035797088,0.0006319066194405188
2019-08-30,0.008481369178999474,0.012244135791332688,0.01382068651284162
2019-09-02,-0.002369912333535643,-0.0026872419112726974,-0.002669181198728648
2019-09-03,-0.0010074279794664697,-0.001442406102240962,-0.001428889476934314
2019-09-04,-6.676094141280678e-05,-0.001064922319026157,-0.0017076466684895972
2019-09-05,0.005417062875938905,0.009116606946916085,0.010542178967492407
2019-09-06,-0.0016434163765845023,-0.0002826004435453446,5.5974377622749235e-05
2019-09-09,0.00030520964676284735,0.00010384532547226267,-0.00022966538580343368
2019-09-10,-0.0042470946089649565,-0.00516883383507758,-0.005724034556343271
2019-09-11,0.000730721775756218,0.0016509787574829295,0.0020174783753364274
2019-09-12,0.0031146641187726823,0.004595030439727515,0.005209495972463119
2019-09-13,0.0024066964711788484,0.0033860640829184163,0.0038759947644725658
2019-09-16,-0.0037850474074816636,-0.004060238040515307,-0.0044890151415800765
2019-09-17,0.0030223981249525174,0.003356023103420863,0.0034189391221162747
2019-09-18,0.00032519615410969704,0.00036176253088072703,0.0007216234977284677
2019-09-19,0.004285263804514821,0.005054206518577492,0.005397243445338158
2019-09-20,0.0012793434777354663,0.001099610350034297,0.000928520655361227
2019-09-23,0.002263533238866826,0.0025829868214898855,0.0027311492485004242
2019-09-24,0.0003991950324472271,5.3039579229319244e-05,-7.069920813388412e-06
2019-09-25,-0.00307562560542006,-0.005122444171650997,-0.006339711068315502
2019-09-26,-0.0011655466563599737,-0.0013000024993596202,-0.0006730044042439166
2019-09-27,0.0017085452077126115,0.002724390098081708,0.0025921844592070387
2019-09-30,-0.001055422365194716,-0.0012110040446853766,-0.001120898254377185
2019-10-01,0.0027613613937744973,0.004304271266717786,0.004898019543480663
2019-10-02,-0.006427690864083036,-0.009814787333569492,-0.010697066811533264
2019-10-03,-0.009481100838728657,-0.01428165188039291,-0.015531412865890408
2019-10-04,0.0027995807824090857,0.0031512763565028964,0.0032130953369233907
2019-10-07,0.00393259876541107,0.005097552757742907,0.00546895004242729
2019-10-08,0.001689886550618779,0.003629845129323289,0.004215753951370364
2019-10-09,-0.00446489172338887,-0.0067681139668339715,-0.0072346315740477694
2019-10-10,0.0012679885282568094,0.001888792499955205,0.0015000442832120331
2019-10-11,0.0014284321417663217,0.003970863636159911,0.005123288229767032
2019-10-14,0.002577155474251267,0.004614480518068581,0.005809861671810123
2019-10-15,0.0015377556292861215,0.0014012716035505192,0.0012225362690985264
2019-10-16,0.004433071003553233,0.007583350636247759,0.008658624392829292
2019-10-17,-0.0035760716038844517,-0.004876731492900632,-0.005302152869774646
2019-10-18,-0.0027725625067115535,-0.003594429912994068,-0.00400330379301516
2019-10-21,-0.00015072201654566683,-0.000289627040659679,-0.0010331801369850846
2019-10-22,0.0006661846973662378,0.001637005121269669,0.0020248908397922536
2019-10-23,-0.000506181035699309,-0.001071408955863884,-0.0012467210769231318
2019-10-24,0.0033271190175684882,0.004009740680619995,0.004364870244860454
2019-10-25,0.0035235869309712207,0.004567846443831813,0.00496056165380983
2019-10-28,0.0009556368093035586,0.0017970657314020698,0.002406291400382461
2019-10-29,-0.0018508160812227069,-0.0008279474620580763,-0.0004094619345560757
2019-10-30,-0.001989151472121972,-0.004240077257808522,-0.005236692626801331
2019-10-31,-0.0010516587715061363,-0.0016153068666056201,-0.0018984983925653507
2019-11-01,0.002678638072768866,0.0022643995427964803,0.0022494774319649427
2019-11-04,0.0014371934950199005,0.003409156068194891,0.004955494897645823
2019-11-05,0.001405308793585196,0.0030662373491526784,0.003967338361523827
2019-11-06,-0.003828823148976378,-0.0049016311805942184,-0.00532828050598926
2019-11-07,0.003940730697292937,0.005710544036467451,0.0061120667814937735
2019-11-08,-0.0026936786887584,-0.0025809347204434397,-0.0025252893082256004
2019-11-11,0.003073692434124901,0.004390430124070826,0.00414168056830708
2019-11-12,-0.0001943159119579785,-1.4543546877665548e-05,0.0005557978007913844
2019-11-13,-0.0019106786034390343,-0.003562304960392698,-0.004164965758212446
2019-11-14,0.00464484635534391,0.005266106531013892,0.0054746705477757
2019-11-15,0.004667834701942959,0.006408159676441083,0.0069270043761301735
2019-11-18,-0.0010693879153981876,-0.001976053603921046,-0.0019700345137808224
2019-11-19,0.003613724326332224,0.004923810663116657,0.005186488397412772
2019-11-20,-0.003936649613163482,-0.006770169645345653,-0.0073126741209593865
2019-11-21,-0.0015278225122098477,-0.0029700047546918577,-0.0039565065506547105
2019-11-22,0.0003693936520530472,0.00195143523684288,0.0032761982621464405
2019-11-25,0.001766014154663482,0.0025135565008546526,0.0026733993097448885
2019-11-26,0.00381625418119706,0.004949002266880948,0.00523995421125293
2019-11-27,0.004701745881244044,0.0059385866425128555,0.0059065617751463025
2019-11-28,0.0009587187175843848,0.001182100898508115,0.001315536119699936
2019-11-29,-0.0018835301408302051,-0.0023344916786111783,-0.0029627712307965584
2019-12-02,0.0008688871114941996,0.0024108883892753896,0.0031793154931366242
2019-12-03,-0.011929546923307478,-0.016435540559411346,-0.017909095563595514
2019-12-04,-0.0027755918884422607,-0.006456340173072301,-0.007379178247757488
2019-12-05,0.0036526072660015107,0.00594240047419613,0.006545915197560431
2019-12-06,0.0008983714471418434,0.0021700524676110055,0.0028375947856622593
2019-12-09,0.0021835026201495957,0.0038674266236802977,0.00445928110800482
2019-12-10,-0.0010512151892529931,-0.002271384298100965,-0.0025615342787084425
2019-12-11,0.0009202180773630477,0.0017473494525094835,0.001945343468913674
2019-12-12,-0.0008933156408074714,-0.001926643157638691,-0.0019161601586736797
2019-12-13,0.00042386273677167666,0.0025613562009384806,0.003318712981720655
2019-12-16,0.008079731446520617,0.010190958885440526,0.010907879227143948
2019-12-17,0.0013080880591891941,0.0018104163285158237,0.0024750475487624337
2019-12-18,0.00020496091089251437,0.001256462155592136,0.0017426588238371255
2019-12-19,-0.0021169673279259225,-0.0020105422725221365,-0.002123494821493519
2019-12-20,-0.001179568833365001,-0.001229523159387241,-0.0006559930211028886
2019-12-23,-0.00010453006413491113,-0.0008213583803678314,-0.001323140954293751
2019-12-24,-0.0006514316356689819,-0.0003644734743828371,-0.00016814603941856519
2019-12-27,0.003918463202992295,0.004848947526733016,0.005193075682111068
2019-12-30,-0.0009401076269840061,-0.0015297441250637642,-0.002126686197672503
2019-12-31,-0.0069721416604660615,-0.009164149877517685,-0.009624562829757623
2020-01-02,0.0025861016476122225,0.0033918710155366296,0.004256573093771505
2020-01-03,0.0034733427956779557,0.0034936613562065954,0.003621108835083361
2020-01-06,0.0028118645458170104,0.002199950057065836,0.0018241498952285742
2020-01-07,0.00501641841779369,0.008226568686340457,0.009093772134117642
2020-01-08,-0.0003435864589016078,-0.0012188564538219984,-0.0012960871713026511
2020-01-09,0.0035842306330075707,0.006449397744528241,0.007886482828136462
2020-01-10,0.003228969780212516,0.004963389094016069,0.005322066710610465
2020-01-13,-0.002000060433768986,-0.0036111469083662143,-0.003884756997910781
2020-01-14,0.002037105345923309,0.004400845154360527,0.005003277058798022
2020-01-15,0.001806135192544718,0.0018973357990785423,0.0017495819447055118
2020-01-16,0.0036038523270479563,0.004348526640540284,0.004203841372977565
2020-01-17,0.002652957521939572,0.004065436659873423,0.004630405500377763
2020-01-20,0.002181457747726554,0.002424289645187944,0.0026703336500510716
2020-01-21,-0.0013158296412238955,-0.0025099515840864227,-0.0032447847657451835
2020-01-22,0.0054003543846669715,0.007374883772298952,0.008095329250511787
2020-01-23,-0.004159855379798357,-0.00623539225300656,-0.007724140633344559
2020-01-24,0.0025825528552337607,0.002744919144207908,0.0033140797564460887
2020-01-28,-0.004274416618721501,-0.00921419133748455,-0.011494996634175456
2020-01-29,0.002245308547782214,0.004496544115731389,0.0057968044104628105
2020-01-30,-0.0008846904985757531,-0.003189978682207384,-0.004498408386258516
2020-01-31,0.0030855864800339314,0.004249352032352282,0.005016119623663717
2020-02-03,-0.005461954634661157,-0.008634288914504285,-0.009581882857811494
2020-02-04,0.0014574286342349174,0.003099620070992976,0.004196609823999697
2020-02-05,0.00152052331574836,0.003549821136849002,0.004300664176188892
2020-02-06,0.00460150039862338,0.007903526904001479,0.00919950896773655
2020-02-07,0.0003278459215636252,-0.0005281677357942436,-0.0005991162982120201
2020-02-10,0.000339739935770732,-0.0007879545358126349,-0.001275951927331228
2020-02-11,0.0042567209255618185,0.00600581332590765,0.006697275127950648
2020-02-12,8.789886772768375e-05,0.0013437061519633586,0.0017614828123598337
2020-02-13,0.0009696157619116318,0.0013933781876484697,0.0015426688953446967
2020-02-14,0.0027884383563116164,0.004165860902705859,0.004415179253250269
2020-02-17,-0.00014642986121035314,-0.0009596669230976018,-0.0012504811494372966
2020-02-18,-0.0008980818809045499,-0.001467589587527096,-0.0018288821437941897
2020-02-19,0.0033944727957162346,0.0045567246046775535,0.005196494647635213
2020-02-20,0.003070279515946173,0.003933215127315459,0.004557824319456729
2020-02-21,0.0006339512856792262,-0.0005945348555393026,-0.0008915379208404906
2020-02-24,-0.009493028764635918,-0.015129226623482168,-0.017329782997985994
2020-02-25,-0.007998414805453869,-0.011577762983225864,-0.012819869889760157
2020-02-26,-0.012748460993006725,-0.01806869431382676,-0.01961624636107786
2020-02-27,-0.00665385610290191,-0.00983492968456215,-0.010715589889577413
2020-02-28,-0.019673542310274867,-0.02847649173189792,-0.03236546726254337
2020-03-02,0.0022670389984245677,0.0027250734825266243,0.004627357965045773
2020-03-03,0.009955953426185936,0.013087930963714434,0.01370816920131511
2020-03-04,-0.0063886205718328305,-0.01159489544700793,-0.012675542652265882
2020-03-05,0.0061893403186620444,0.009876727745689517,0.010813923338145022
2020-03-06,-0.012020822197722951,-0.01925135437617846,-0.02199376491371452
2020-03-09,-0.03164572747662978,-0.04683202701029075,-0.051109710764497746
2020-03-10,0.00279422907201737,0.006571322953180075,0.006210450431424118
2020-03-11,-0.010256461673623459,-0.014635360869970445,-0.014372836745152114
2020-03-12,-0.03366057097982829,-0.04681814987056779,-0.0507474572731155
2020-03-13,-0.016525263264749165,-0.01330738165363379,-0.014193697295996543
2020-03-16,-0.018253211888637585,-0.026695915502186623,-0.02618147187803769
2020-03-17,0.003986182644745793,0.009039693952426575,0.0097962256327347
2020-03-18,-0.026633512259546632,-0.03440520116345768,-0.03323123589969549
2020-03-19,-0.026342765477968273,-0.031047401503297288,-0.02850695804311393
2020-03-20,0.01740088759035136,0.02039113512503924,0.019186938833774102
2020-03-23,-0.02896159338207501,-0.04521443476106171,-0.05110494809259998
2020-03-24,0.02147188211903659,0.025094018638125257,0.02519788621274912
2020-03-25,0.03264857190549419,0.04224051437566865,0.043431715109046934
2020-03-26,0.015457905601570761,0.024676140630703256,0.0298615136940944
2020-03-27,-0.007317411154797541,-0.013227506732620273,-0.014247182910685918
2020-03-30,0.009297821071213205,0.012696308475430206,0.009996389097851067
2020-03-31,0.0039216185784863205,0.0022521739267432773,0.0018207854911115508
2020-04-01,0.004394134524108857,0.008365639199254832,0.0086358341067199
2020-04-02,-0.006196529468331445,-0.008093104906543247,-0.0074759869959489175
2020-04-03,-0.006724434142669546,-0.009839137619578985,-0.009756837541889501
2020-04-06,0.023685810572740332,0.034771927005896465,0.038250525288579244
2020-04-07,0.003324902457360267,0.004557634541160566,0.005255631204618574
2020-04-08,-0.0016936587306477578,-0.0021223944910861436,-0.0017775999410208254
2020-04-09,0.015546574449221789,0.020921586880666167,0.02121934970042967
2020-04-14,0.004831714225076271,0.007596775108001076,0.0068893780785276686
2020-04-15,0.0041178543863475345,0.003299531468876604,0.004157186554860922
2020-04-16,-0.0052718728370976685,-0.007495752108376214,-0.0075217647570271565
2020-04-17,0.011487758223901197,0.015408685010270274,0.016333066657839845
2020-04-20,-0.008028875627235199,-0.011930931105450496,-0.012550605387043839
2020-04-21,-0.010666634708795565,-0.016322249100890012,-0.017838262546070342
2020-04-22,-0.00445368701505698,-0.005086004513726894,-0.005497284363996131
2020-04-23,0.0051705256478703845,0.0057058531887160535,0.005854927828657163
2020-04-24,-0.0030923687252211677,-0.0032349777792926022,-0.003637966266941914
2020-04-27,0.009853142268776462,0.012463538067844194,0.012811453448140614
2020-04-28,0.0002531980837727776,0.0004185724026830095,0.0004395039204692638
2020-04-29,0.004791296534395388,0.007281351745156201,0.0074878731797795375
2020-04-30,0.015035393682686148,0.020336703550383972,0.022532704383510505
2020-05-01,-0.019263549795889012,-0.027953626825823155,-0.030867198049755205
2020-05-04,-0.000781806394416054,-0.0014645010516711686,-0.001165648800359745
2020-05-05,0.006029705803954104,0.009075964414949978,0.009084047860375196
2020-05-06,0.002361334833279239,0.0041582932508346495,0.006082209786643238
2020-05-07,-0.002583500528084672,-0.002844856864949691,-0.002699528081475291
2020-05-08,0.006822063051120906,0.008173491839112606,0.008049822921479788
2020-05-11,0.00383179902781528,0.006742889978105332,0.0072420471137031
2020-05-12,-0.0030071686160770728,-0.004282860512924226,-0.003631339928489379
2020-05-13,-0.004434454383599793,-0.005605152469182379,-0.005832581584040587
2020-05-14,-0.0066230305981087685,-0.010236209641176136,-0.011634250081290995
2020-05-15,0.004984842444608634,0.007158453649543511,0.007448747698452316
2020-05-18,0.007509699566699002,0.010438199226334356,0.011876388229010095
2020-05-19,0.008213336111290402,0.01280995370361098,0.013566105187647627
2020-05-20,-0.0001925350552050521,4.2413133311103844e-05,9.638318910079689e-05
2020-05-21,0.0007331092796156766,0.0002457401995780759,0.0003056355742405359
2020-05-22,-0.004263004113220972,-0.007312831007690701,-0.009052940021746525
2020-05-25,0.00942925022177005,0.013855971878369516,0.015072020726298936
2020-05-26,0.011984899580592207,0.017529045786777754,0.018403240617654974
2020-05-27,-0.0019728282158967825,-0.0025229200239970167,-0.004303543055482183
2020-05-28,0.007469261645032735,0.009971891480019184,0.011027330810733064
2020-05-29,-0.005733399733887988,-0.008084183839869663,-0.008473055097715287
2020-06-01,0.0019868649398088745,0.0028538432720361046,0.0032456613804110555
2020-06-02,0.00029036666857143803,0.0003795582651076881,-0.00035664302155038454
2020-06-03,0.0044889034629142475,0.00772818163138418,0.007639249957643276
2020-06-04,0.003264996284698424,0.005686137372927964,0.006718815318775483
2020-06-05,0.000763935603310405,0.0012376234934787953,0.0005441035335109923
2020-06-09,0.013904929771905859,0.020048418275352968,0.02191535155628656
2020-06-10,0.0006984046972225023,-0.0004760925380867642,-0.0005398369244188239
2020-06-11,-0.012405686088681775,-0.019285431086654654,-0.020647188209972467
2020-06-12,-0.010022338602803892,-0.014302876132856019,-0.015309727332999049
2020-06-15,-0.011778818946644412,-0.016906913855864934,-0.018406610464971048
2020-06-16,0.02077622956095722,0.029222904704243605,0.030974346203734387
2020-06-17,0.003967807845409936,0.006279816210621786,0.007475954855471842
2020-06-18,-0.0028620971825797747,-0.004941933802336496,-0.005006998187765312
2020-06-19,0.0019932771481384584,0.003354900914936215,0.0042338034072129365
2020-06-22,-0.0023843762110249246,-0.0034023283230800064,-0.0037956894321402213
2020-06-23,0.0020863370102645364,0.0025194594853429285,0.0025959774002427883
2020-06-24,0.0017209904562684288,0.002700027751547474,0.0031740244865293183
2020-06-25,-0.010989975631046341,-0.01661036440125618,-0.018328626981397318
2020-06-26,0.006041116469553758,0.008298669111894119,0.008747672320062832
2020-06-29,-0.009788973784699243,-0.01395792787988181,-0.015577283833410754
2020-06-30,0.00788174397293684,0.011320983835092384,0.012801852822820519
2020-07-01,0.0028685348673260693,0.004809591304513977,0.0055840331410484745
2020-07-02,0.0059304550121095515,0.009686372282067441,0.01044219017238937
2020-07-03,0.002881826740401916,0.003060114307449424,0.003468641150676264
2020-07-06,0.001460647881720469,0.002416723199507648,0.0038578167765590315
2020-07-07,-0.00032481771768927956,-0.0012936271193935978,-0.0013278166353016098
2020-07-08,-0.004425737929512002,-0.007016481124785269,-0.006574085222635875
2020-07-09,0.0035609254551140605,0.005327575563988174,0.006015032209389584
2020-07-10,-0.004464422220359044,-0.0069690561496528695,-0.007989280484957425
2020-07-13,0.008211687739817716,0.011510547767159157,0.01225789036455823
2020-07-14,-0.005039692306767966,-0.006987235223270094,-0.008414117350950255
2020-07-15,0.00863493626113374,0.012070747348598986,0.012956580967965559
2020-07-16,-0.0024007122857503194,-0.00423284402900837,-0.005229128717180945
2020-07-17,0.001006139753638723,0.001243700548491994,0.001221137739093886
2020-07-20,-0.0005270695377836397,-0.0006272182737160737,-0.00013087332046810896
2020-07-21,0.010633964914795721,0.015183298460436968,0.016823043731640494
2020-07-22,-0.006563616183699691,-0.009842818638970201,-0.011718383676976252
2020-07-23,0.0031192137800432397,0.0037731357505673747,0.0036587663600285984
2020-07-24,-0.005059182896390036,-0.007899304139310039,-0.009000765414868224
2020-07-27,0.0013714210285254713,0.0022759220096035763,0.0023262902771588687
2020-07-28,-4.9446450819423785e-05,0.00015460732478050343,0.0011638234244742336
2020-07-29,-0.0007378991711686389,-0.0018819312467857232,-0.003242612520915259
2020-07-30,0.003007831821051743,0.003966028754427903,0.005104350475143512
2020-07-31,-0.006099407593060055,-0.010632396265087123,-0.01226322863796573
2020-08-03,0.0012712426399171992,0.0023587865495980744,0.003270392194565831
2020-08-04,0.009024698517632448,0.01286423615902915,0.014401757093763241
2020-08-05,4.177063643421783e-05,-0.001049521853342139,-0.0013919805368182224
2020-08-06,0.0013691558766979251,0.002156523163995416,0.0019303033341723972
2020-08-07,0.0007478073050349609,-0.0003625658262821297,-0.001092056728191858
2020-08-10,0.005382571295055521,0.008964878129882893,0.010003841281508217
2020-08-11,0.0011469209790442815,0.002014556533890372,0.0021408210665320683
2020-08-12,-0.004371040044228112,-0.004078438330008716,-0.004271849836040063
2020-08-13,0.002955702083267231,0.0033130141921688177,0.003935583453366483
2020-08-14,0.0012533666030604895,0.002749689657413806,0.0035159585213652344
2020-08-17,-0.0032322195809085996,-0.004793627115559173,-0.00481954705277662
2020-08-18,0.003492404715842824,0.004064401462018846,0.00385455855466672
2020-08-19,0.0012599343902589045,0.0019712344849256384,0.0018032889499244185
2020-08-20,-0.003862313841416324,-0.005100391191309256,-0.0053495440582655256
2020-08-21,0.0025938301284666346,0.003812141105622624,0.004710988476272624
2020-08-24,0.0028796118689690567,0.004159953033282005,0.0052044266886854115
2020-08-25,0.004133387225459186,0.0061178328325101235,0.006856126809677885
2020-08-26,-0.0036254648837737414,-0.0038751985130930423,-0.0036604431229060445
2020-08-27,0.0024698467458433328,0.002405381319265254,0.002106391395413951
2020-08-28,-0.003317265730279111,-0.003417252432897755,-0.003596242224952038
2020-08-31,0.001307580092344336,0.0008152615134470909,0.00014313840135465644
2020-09-01,-0.006289784586731997,-0.009650138726758278,-0.010886273823095153
2020-09-02,0.007922765684005517,0.011325535199333835,0.01262779063773654
2020-09-03,0.005623677286926877,0.007366223536541194,0.007526232068224539
2020-09-04,-0.013665659973760099,-0.019669945670489106,-0.02044465416923496
2020-09-07,-0.004685053545964908,-0.005260123272206312,-0.006406031893292088
2020-09-08,0.0048278614971052625,0.006732926153159624,0.0068483369570833934
2020-09-09,-0.009392955310872603,-0.014026191589541532,-0.015086449887645376
2020-09-10,0.005231796260226608,0.007529163470261457,0.008490172719666785
2020-09-11,-0.004164395399143389,-0.006097921434596193,-0.006865158148493332
2020-09-14,0.004059798945242117,0.004882274361463335,0.0054586625887200445
2020-09-15,0.0004296733452352164,0.0005743291685115282,0.0005341260734690645
2020-09-16,0.004424020149163755,0.00696059146994758,0.00798487643671788
2020-09-17,-0.006500025390114391,-0.009114613896344926,-0.009756196439407146
2020-09-18,-0.0005347096928984328,-0.0003855419844115414,-0.0003385266445545841
2020-09-21,-0.004997430067090532,-0.007828331542176308,-0.009120291323726987
2020-09-22,-0.004215673002540259,-0.005699690430644011,-0.005350238097503662
2020-09-23,0.010360159686088622,0.015761317579811803,0.017832696694425467
2020-09-24,-0.006797167971195862,-0.009371862657625369,-0.010617706857383124
2020-09-25,0.005221761330389716,0.007219824519057404,0.007076156585369562
2020-09-28,0.005940803513745182,0.0075491421859608665,0.008856438214832051
2020-09-29,0.0022370468430203782,0.0023733558290522263,0.0024217104018236612
2020-09-30,-0.00951833510087143,-0.013366934991798874,-0.013827427061921615
2020-10-01,0.005340414637043981,0.008320887314643295,0.008956888582583603
2020-10-02,-0.00583431156459547,-0.009577040294257905,-0.010909291048534659
2020-10-05,0.008517011850731487,0.013407359254375457,0.014323348983129279
2020-10-06,0.0035481300769512293,0.005630441425868848,0.007097778877370409
2020-10-07,0.0025404968499302383,0.004319395539960635,0.005071648289821274
2020-10-08,0.005568908941971329,0.00771705039154198,0.008204343687924201
2020-10-09,0.003486549675671555,0.004506271961288666,0.005349453433005534
2020-10-12,0.00142662716499518,0.0017720343550949814,0.0016903284157361842
2020-10-13,0.006471500568924269,0.00883035909141683,0.009444770512655435
2020-10-14,-0.0013502275077636682,-0.001861813744162827,-0.001599482065541781
2020-10-15,0.0006214357824896608,0.0004297553001613937,-4.229096840131086e-05
2020-10-16,-0.0005130980930104623,-0.0011680933717331367,-0.0005226973989398355
2020-10-19,0.0031430480561942782,0.004736152942559718,0.005254733284023143
2020-10-20,-0.00447437770587614,-0.005711720274176185,-0.005473034938598646
2020-10-21,0.001233015267839964,0.0023491678608159147,0.0027462524740487593
2020-10-22,-0.00597894278717774,-0.00807071259549723,-0.009231229907489124
2020-10-23,0.0021406007490244973,0.002960083157861809,0.003019134621168568
2020-10-26,-0.002061390657677551,-0.0032122064689266536,-0.0036448113502107016
2020-10-27,-0.005849406389945919,-0.009655690238004645,-0.011117131753027244
2020-10-28,-0.0035606503967567497,-0.004664871785893294,-0.004978919918959305
2020-10-29,-0.008292428275421858,-0.010664460213354265,-0.01072311477341691
2020-10-30,-0.0036360876274306093,-0.005157066499877444,-0.0056935434457798546
2020-11-02,0.0022736409798187105,0.0032716413045776943,0.003325178863051186
2020-11-03,0.009680145973692869,0.013428721570688994,0.014489496058541607
2020-11-04,0.0035284987706116957,0.004238180670369606,0.00406328043040849
2020-11-05,0.009996158098656921,0.013071940364905511,0.014864351802277952
2020-11-06,0.0013481651025561425,0.0017629871542650555,0.0007056447921898146
2020-11-09,0.011438977237932735,0.01656445913276554,0.01880407957298258
2020-11-10,-0.005098478225260676,-0.0038691558400212826,-0.004850464318265049
2020-11-11,0.005919204580010683,0.00901738006398255,0.008800777516454191
2020-11-12,0.0007761691473475941,0.00015363400866739134,0.0005908984016091879
2020-11-13,0.0008945500751830093,0.0006260192861773594,0.0013305803652946039
2020-11-16,0.006576509172201638,0.009874644164844593,0.01080475666641805
2020-11-17,3.029100583327299e-06,-0.000321554192218959,-0.0010310752198610749
2020-11-18,0.001866605288486679,0.002254069527454411,0.0024550893016828433
2020-11-19,-0.001999144164224167,-0.0027089939030759463,-0.0034954680630102175
2020-11-20,0.0017642843278422539,0.002041673876850758,0.002526438943981444
2020-11-23,0.0011584517724355483,0.0015565423984531478,0.001672483062227944
2020-11-24,0.004215328348524373,0.0073834817438522375,0.00799663022819577
2020-11-25,0.0018666911229954807,0.002850025832340031,0.0026586293036279444
2020-11-26,-0.0017448796888265138,-0.0029457321470686805,-0.0029398703055207444
2020-11-27,-0.001548046280511303,-0.0022033695349129687,-0.0022345332865002397
2020-11-30,-0.004380572347819704,-0.006156802038569959,-0.006685851229926798
2020-12-01,0.0050954668330340435,0.007220963718701689,0.008004791878904929
2020-12-02,-6.69234046435418e-05,0.0005871238489144948,0.0010042856915111465
2020-12-03,0.002363094619805244,0.002723713865099631,0.002519434090248962
2020-12-04,0.00134690159406468,0.002068942667942353,0.002428648511256142
2020-12-07,0.0016511266178547632,0.0029228426261644624,0.0030145444231213635
2020-12-08,0.0013611544136351826,0.0014676680812914457,0.0017256361705796398
2020-12-09,0.0029685370558645264,0.004140807377055827,0.004540758827797665
2020-12-10,-0.005705634778429394,-0.00785668269892253,-0.009206738637779618
2020-12-11,-0.003206287214411608,-0.005611667353137895,-0.00717794560185996
2020-12-14,0.003012508255994763,0.0038118592982407553,0.004018096338385101
2020-12-15,-0.0016993076102174787,-0.0017754074494452043,-0.001411705519026623
2020-12-16,0.003547844475991697,0.00486975660711807,0.005202814377873764
2020-12-17,0.003876895194534053,0.005661562512790003,0.005966924953971931
2020-12-18,-0.003002933907986419,-0.005584736692715747,-0.0065342360837558015
2020-12-21,0.00020358745065646725,5.4201096272638114e-05,0.0005694242867844612
2020-12-22,-0.004791227203540599,-0.007029275893883557,-0.007773056357774291
2020-12-23,0.002971621528789736,0.004429657326615016,0.004483641265573808
2020-12-24,0.0020374557825367768,0.003735406441851896,0.004370197927090788
2020-12-29,0.005060704051698564,0.006431617292408743,0.006631609689980349
2020-12-30,-0.0018815522983665054,-0.0024791952718104635,-0.002577142944962931
2020-12-31,-0.0045253474100802795,-0.006695367294543642,-0.006965285960029764
2021-01-04,0.004061895109733494,0.00621608748935667,0.006649622964594687
2021-01-05,-0.0011019219014491391,-0.0017661996629597548,-0.0020201183338216526
2021-01-06,-0.004705584655988888,-0.006192202207954534,-0.006962501993048003
2021-01-07,0.005919977734498403,0.008825286938136305,0.009311283219765251
2021-01-08,0.0038487388725043066,0.006225140671196677,0.007974087946778634
2021-01-11,-0.0024221351823480366,-0.003391308984038388,-0.0030539115800705063
2021-01-12,-0.0013264839363477765,-0.0015189444706911193,-0.001433115059529886
2021-01-13,0.0006458284919230807,0.00012837373540550148,9.061391553719336e-05
2021-01-14,0.001861775186579371,0.002849588472814196,0.0028861595402974527
2021-01-15,-0.0015894175244095953,-0.002226855874892098,-0.00265009557357478
2021-01-18,-0.002388238148338293,-0.0029539658493259514,-0.0021615298205185985
2021-01-19,0.005455570892722878,0.008364937737680905,0.009646300666820958
2021-01-20,0.0006641651991263476,0.0007516140112740486,0.000642828133219071
2021-01-21,0.005335658899419862,0.0069716900074345165,0.007551110441094052
2021-01-22,-0.002851744614399976,-0.00316577772190561,-0.0034455014851504985
2021-01-25,0.0016294108509080662,0.0027892391879211996,0.0037862267118323363
2021-01-27,-0.0026240685793470215,-0.004408149195539568,-0.005618529871416391
2021-01-28,-0.009113362226515258,-0.01395039771598008,-0.015471620912625847
2021-01-29,-0.0036611619178137825,-0.0038739775022633262,-0.0037328719666022228
2021-02-01,0.0012032923683553951,0.002711605032445003,0.0037378657415450284
2021-02-02,0.009546327384242628,0.013098689649698675,0.014572983515816373
2021-02-03,0.005329266770203188,0.008861364901715359,0.010214151846504638
2021-02-04,-0.004956988144937509,-0.006589440031630473,-0.00706636115156362
2021-02-05,0.006899177957474687,0.009630246495844003,0.01102172689770151
2021-02-08,0.0011468712257447413,0.0021237991121866974,0.0018179672199539947
2021-02-09,-0.0014784876936914959,-0.003360341456748633,-0.004120189186706586
2021-02-10,0.0021053686774128036,0.0038131724230993816,0.005151206979969894
2021-02-11,-0.0005622572980221675,-0.0016931109542755785,-0.0024622872273632247
2021-02-12,-0.002397177699535642,-0.003005183924723892,-0.002800315043931645
2021-02-15,0.0028301674251101894,0.005794054967202754,0.0066729855515920075
2021-02-16,0.003261159067242142,0.005007639801898373,0.005447228017772784
2021-02-17,-0.004330366598534537,-0.0045140364267234395,-0.0042968654159576515
2021-02-18,-0.0018593074231674778,-0.0034926636996193416,-0.004477692230068875
2021-02-19,-0.006035637664016709,-0.008063638703017205,-0.00906656383799982
2021-02-22,-0.005206778316587965,-0.004917974611476761,-0.005422916522782665
2021-02-23,0.0024935507158224323,0.002654225694201218,0.0011319976138459734
2021-02-24,-0.004596752861659117,-0.006070996788655175,-0.0069644240334038945
2021-02-25,0.003364385261576632,0.006811381008395023,0.00862148232459464
2021-02-26,-0.015284013371003586,-0.018815526932205492,-0.019933874596456964
2021-03-01,0.01187441173867886,0.01414843866299681,0.01474376267153642
2021-03-02,-0.0007383665710539069,-9.296075385942281e-05,0.00039636468748598303
2021-03-03,0.0023524139297318378,0.0027891053982009974,0.002513082842195
2021-03-04,-0.00870527964074878,-0.01022998878316772,-0.011632154549146276
2021-03-05,-0.004509549006307981,-0.00536481699288967,-0.004954595907322033
2021-03-08,0.00705761841695309,0.007988666229914438,0.007692525911915405
2021-03-09,0.0022664940896109263,0.0037244622544756302,0.00421188140550382
2021-03-10,0.0010636048109857433,0.00021510507091014922,0.0009319451898516334
2021-03-11,0.002839520975963117,0.0030531543931665186,0.003627321677985658
2021-03-12,0.0029616258856126607,0.00488438971379983,0.005318261838866648
2021-03-15,0.0003695306080580695,0.0019630289674654354,0.0024941731752440564
2021-03-16,0.005217140263112142,0.006362988833757366,0.006417539136391246
2021-03-17,-0.002278737185724371,-0.003426075258195643,-0.0037624712453777024
2021-03-18,-0.003153603548221873,-0.0031858243383348418,-0.0028920234587926823
2021-03-19,-0.002698404454814314,-0.003432691387832393,-0.003747277390281607
2021-03-22,0.0022368713050184663,0.002441660033880133,0.002962631304118088
2021-03-23,0.0010798095818576148,0.0008740873880051959,0.0006343011128514642
2021-03-24,0.002391897595293826,0.002205190826263381,0.0018253419277899053
2021-03-25,-0.0012665844409289087,-0.00145805962253851,-0.0019392740615763982
2021-03-26,0.003953011772113688,0.005503384999358674,0.005997218578461272
2021-03-29,0.00018158249082929958,0.00032138307322312506,0.0005709213964372775
2021-03-30,-0.00354978638730382,-0.0037360537824201734,-0.0033294574316223135
2021-03-31,0.00112647164893121,0.0031929703670885764,0.003578312987801195
2021-04-01,0.0062840058328015955,0.00809386059400412,0.00957220155527477
2021-04-06,0.005953079221393131,0.006638729970455659,0.006849965797011913
2021-04-07,0.0026937255966837425,0.0032134780904698344,0.0028769579684786504
2021-04-08,0.004650680800164376,0.006632448963187821,0.00733102073615996
2021-04-09,0.0009602703117635601,0.0011887503727977867,0.0011197784012787438
2021-04-12,-0.0010500048614456039,-0.0015678777555779675,-0.0018256062991003287
2021-04-13,-0.0012880580728853795,-0.0005433074521631055,-0.00011680662149933686
2021-04-14,0.0037716728182925576,0.0045009461837349045,0.0041934143491381
2021-04-15,-0.0009612045063583196,-0.0012122454459890073,-0.002011090879585928
2021-04-16,0.003500600769735156,0.0039794357191580984,0.004346260905729956
2021-04-19,0.0015408001124948146,0.001908840270696427,0.002451876058373214
2021-04-20,-0.004835710082311657,-0.00606028872504708,-0.006930221402226217
2021-04-21,-0.001371944251304894,-0.0033481186115616457,-0.0039054995369630684
2021-04-22,0.004718453051331476,0.006591691891885809,0.007240254528048939
2021-04-23,-0.0007449043925883636,-0.0004033049056117288,-0.00012766923082162092
2021-04-26,0.0002995332055758614,0.0005122872286632996,0.0006381849762988887
2021-04-27,0.0001378947056657953,-0.00019217839319820567,-0.00048706552550073165
2021-04-28,0.001716556408204446,0.0034399470518980293,0.004155164571720473
2021-04-29,0.001545268771700189,0.001554475201269584,0.0016870662679497207
2021-04-30,-0.003950374204228128,-0.005359533665832456,-0.006007177842127124
2021-05-03,0.0012375149117006955,0.0016144561208602081,0.0014694524960223144
2021-05-04,0.0014951223371786567,0.0023096247951672256,0.0024109703356401764
2021-05-05,-0.0005952767801490233,-0.001107277528161238,-0.0019054776875251367
2021-05-06,0.00038866454870327926,-0.0007528993618058586,-0.000867948138944816
2021-05-07,0.0027455464750199264,0.003199291297927964,0.0030611515085849916
2021-05-10,0.00393648351215239,0.005546749997466527,0.00482014706512934
2021-05-11,-0.007323835328077738,-0.00985486048273329,-0.01116113777105648
2021-05-12,-0.004016151181532757,-0.00475515943003601,-0.004169627954349573
2021-05-13,-0.005642468336862867,-0.007203501082469466,-0.007346282718307425
2021-05-14,0.005682847894211838,0.007269851591027821,0.0072931156470489745
2021-05-17,0.003568172183092191,0.004361558040124891,0.004889089928616733
2021-05-18,0.0019590083542779966,0.003262581946252569,0.004122771136245361
2021-05-19,-0.008217246793991618,-0.012397588137887024,-0.013468999639841741
2021-05-20,0.00427652689785727,0.006807322298402247,0.00720328892061072
2021-05-21,0.004471144776344216,0.005059364859191334,0.005648575200305379
2021-05-24,0.0012692457280432045,0.0015399479866754161,0.001610504211687156
2021-05-25,0.005714529587322425,0.007914390159279704,0.008691189857091544
2021-05-26,-0.0009754845360614803,-0.001531651826016661,-0.0013094442058667651
2021-05-27,0.0003707518356589446,0.0006721125968386698,0.0011185772872611122
2021-05-28,0.004475041017334418,0.007262225943316214,0.008197976036391082
2021-05-31,-0.000244392769600018,-0.0003437081830711396,-8.826174320468043e-05
2021-06-01,-0.0006864863950992763,-0.0006753877177854028,4.9361423269359656e-05
2021-06-02,0.002957147108872542,0.004151545774485033,0.003724940485936348
2021-06-03,0.002935731843979108,0.004044739115741813,0.0045671153373774915
2021-06-04,-0.00032568750765172205,0.0009798860805437458,0.0016498706060893943
2021-06-07,0.001565594950329814,0.0007307334596605487,-0.0002512658749051467
2021-06-08,0.0011277426104504163,0.001458153673028084,0.001359187213681018
2021-06-09,-0.00016556790717254909,-0.0013960099361226277,-0.0016880775600950995
2021-06-10,0.0031802669603743228,0.0034138202746839094,0.0033440396392468035
2021-06-11,0.0010503106190360534,0.0014757300691921882,0.0018789664359780411
2021-06-15,0.0038414263425820905,0.005891048053846659,0.006362048425123097
2021-06-16,-0.0011896367747625948,-0.0010981944754664852,-0.001164743147385068
2021-06-17,-0.005628699268841645,-0.005561107915455987,-0.005490889259463724
2021-06-18,0.004185623891231863,0.0055676951624691155,0.007595262837898106
2021-06-21,-0.00815280044245045,-0.01223642572527841,-0.013180306274425317
2021-06-22,0.0077800822508107366,0.012297381508653327,0.013305182310549604
2021-06-23,-0.0003849250042079367,-0.0014216713579157715,-0.0012786908102938054
2021-06-24,-0.0020972434750205025,-0.002929567733521049,-0.003372412471078097
2021-06-25,0.003142619214185063,0.004743352614938645,0.005485310866854806
2021-06-28,-0.00014005097286474923,0.00012477772693510474,0.0001892927113415611
2021-06-29,0.0014106106134829076,0.0009951485689532636,0.0007993776605454405
2021-06-30,0.0015159153504443012,0.002764191132154775,0.0038840785909068634
2021-07-01,-0.0007206939962532869,-0.0019298909412558186,-0.0015672879755364321
2021-07-02,0.0047062811304601285,0.005232462261893616,0.00446726674056327
2021-07-05,0.0006255031551821089,0.00018617294989413667,-0.0005230049222130352
2021-07-06,-0.004107274323349375,-0.005519679362845381,-0.006539215677029811
2021-07-07,0.005351203205440245,0.006196471384258051,0.006696539552833663
2021-07-08,0.0024001743455862356,0.002283402228059328,0.002182335096293914
2021-07-09,-0.003674121722937933,-0.005255328232730393,-0.005185136313441371
2021-07-12,0.0043336936401906665,0.005937447916769883,0.005753322653674329
2021-07-13,0.001422628450152933,0.002038577233342492,0.0029605261517373005
2021-07-14,5.9574337943879595e-05,0.0006382245293815646,0.0009113130316583015
2021-07-15,0.00018637790380554478,-0.001128812014997088,-0.0012319332319974162
2021-07-16,0.0005270954515874038,0.0010792831998298169,0.001360738690936939
2021-07-19,-0.003343444299957817,-0.005545327780619536,-0.006306691900967815
2021-07-20,-0.0012460243617388347,-0.0029265121085107924,-0.003412903905268429
2021-07-21,0.005545094709828991,0.0075957727010392,0.008394006651253432
2021-07-22,0.002725999267565598,0.005040891317827345,0.005679461422491534
2021-07-23,0.0017112252858747646,0.002008437131207258,0.0019215738155829866
2021-07-26,0.0009449855702960653,0.00018595414168522394,-0.0009894661685211884
2021-07-27,0.0009674815286355863,0.001222057973621532,0.0002730096977508244
2021-07-28,-0.0010657910171880704,-0.0024866546406862038,-0.002883066438450716
2021-07-29,0.0015665280484808831,0.0029054398060373303,0.004374854457830753
2021-07-30,-0.0009934471507282796,-0.0017006300347604754,-0.002491347957901114
2021-08-02,0.005901660537763014,0.009109968111356809,0.010837518828873127
2021-08-03,-0.002501420242192788,-0.003695200113365227,-0.004338545435821212
2021-08-04,0.002748353488571513,0.003655563325808636,0.0039917594854149115
2021-08-05,-0.00047313561752060037,-0.0002681877004489242,-0.0005691028433282711
2021-08-06,0.0009462913836102683,0.001926486267961197,0.0022420275508751855
2021-08-09,-0.0019032397648202418,-0.0011097982875591106,-0.0007073566284366084
2021-08-10,0.001725373775255327,0.0028566475749053633,0.0037629776114635003
2021-08-11,0.0005631068831440389,0.000993207457665246,0.0009221417244089791
2021-08-12,0.0010996123274314951,0.0005958224479337138,9.436353838607192e-05
2021-08-13,0.0027029645802877154,0.0041427646400843225,0.004384907445393164
2021-08-16,-8.334118811055492e-05,-0.001675364645328581,-0.0022089505144003278
2021-08-17,-0.0010688512632302612,-0.0025750352105364254,-0.0029198061051540435
2021-08-18,0.0015758252838062514,0.002810502058363063,0.0041317252311316565
2021-08-19,-0.003884600195606054,-0.005527598180228838,-0.005814573729461913
2021-08-20,0.0018718207390650487,0.0018151199218472303,0.0015621920605239305
2021-08-23,0.003937077935317593,0.006425834737898505,0.007969379538213382
2021-08-24,0.0008299445118067339,0.0013758181147611125,0.0013306623485038695
2021-08-25,0.00013195203310204857,0.0010548173390915903,0.0017480477046613327
2021-08-26,-0.0025160083981206017,-0.0031137163198996843,-0.003636186442835413
2021-08-27,0.00012423928607649068,0.0004012172273227977,0.0007564146780545834
2021-08-30,0.0023858857720881347,0.0027160589849005825,0.0027842041039539242
2021-08-31,0.002544113421944788,0.003555411675972692,0.0038062425536344925
2021-09-01,-0.0012469306766920785,-0.0003309505573144189,0.0006463477687212894
2021-09-02,-0.0014130197357412088,-0.002544850864007653,-0.0035030006998001194
2021-09-03,0.0017476940795978645,0.0029683337937532195,0.0029225323407449295
2021-09-06,-0.0004420384715042713,0.0001844910216116991,0.0005136967132591364
2021-09-07,0.0011338994524167146,0.0017106512653614347,0.002325661514342993
2021-09-08,-0.0027061855778855327,-0.0028869948454656735,-0.0027809683266610164
2021-09-09,-0.005485942428101686,-0.009187421119097317,-0.010248389089054361
2021-09-10,0.002701027907923559,0.003519897224925905,0.00402905238882526
2021-09-13,-0.0013783515864858988,-0.0013588597150239082,-0.0015699213513298495
2021-09-14,0.002174330271196655,0.0028524522660029745,0.0031278685194697287
2021-09-15,-0.0006953758488739857,-0.0015719184677717491,-0.0018814474618498078
2021-09-16,0.001314013677050533,0.002671475978464793,0.0026253509121956287
2021-09-17,-0.0025841121203591466,-0.0028780293489180653,-0.0020018027703575234
2021-09-20,-0.009584103818991163,-0.013721381464392288,-0.015040320512291426
2021-09-21,-0.0009053064392834597,-0.0018353227116196915,-0.0030984653446004236
2021-09-22,0.002643384319573727,0.004188613758870108,0.0053551687131006675
2021-09-23,0.005655376785463017,0.008206691320616404,0.00929282430899804
2021-09-24,-0.00392118967655313,-0.0035545760427433686,-0.003511381721438318
2021-09-27,0.003387472184098187,0.004835620614516001,0.005009202576114082
2021-09-28,-0.007980231935083746,-0.010447887186191678,-0.010889477272212986
2021-09-29,-0.006880657593802841,-0.00915632738428667,-0.009896061769721944
2021-09-30,0.0061036824909499535,0.009430064474560993,0.010365965797802783
2021-10-01,-0.010136565650465244,-0.015113746102434147,-0.01667366371952944
2021-10-04,0.004777254981546869,0.006952986749096885,0.006645244262779169
2021-10-05,-0.004636232900678053,-0.005921900245960443,-0.006649162661640303
2021-10-06,-0.0018286671310416857,-0.0016457611675927686,-0.001165748438669657
2021-10-07,0.005126193848277885,0.007139452168114292,0.008279441199186244
2021-10-08,0.0016552264602516288,0.003470838184104613,0.0037562400962473114
2021-10-11,-0.002056813186400462,-0.0018170938072066933,-0.0013302485209218727
2021-10-12,-0.005595864542021609,-0.007126471889412,-0.008418848826126509
2021-10-13,0.00287045213858946,0.0033355858954233373,0.0038142198372534955
2021-10-14,0.004392510582914815,0.005394811784906883,0.005540492793663916
2021-10-15,0.005477460184517451,0.00699616579237855,0.007402381893462397
2021-10-18,-0.0015276173088375066,0.00016438959790715502,0.0010009272922145774
2021-10-19,2.812648321354647e-05,0.0006119650878045169,0.0008903050738082198
2021-10-20,0.0012947233185453843,0.0026581972062419694,0.002663648673390825
2021-10-21,-0.0001829623300793814,-0.00014872127371547969,-0.0005265726983480867
2021-10-22,0.0018887088504390415,0.0025547221060162936,0.0032383684557992175
2021-10-25,0.001736246644743551,0.00190393256667164,0.001526123659808749
2021-10-26,0.000730167908377518,0.000982797343041175,0.0008928353876502281
2021-10-27,-0.0018298055251923572,-0.001928860144856337,-0.0024278276980225846
2021-10-28,-0.0018784684522543784,-0.001982741752650103,-0.0018426485470816613
2021-10-29,-0.00625790656638288,-0.00801819896985929,-0.008228753466496678
2021-11-01,0.0062605947931501345,0.00724444914688247,0.0073170309054032415
2021-11-02,-0.0007367509493296211,-0.0012282419164330984,-0.0007923156528408595
2021-11-03,0.005624917433253236,0.007079809039701307,0.007686641166738539
2021-11-04,0.0023689914585331437,0.004299386830957309,0.00509010088713458
2021-11-05,0.005350859004372172,0.005885059595742337,0.006281412169082854
2021-11-08,0.0019967108573182646,0.0014431311520882286,0.0011125301348613925
2021-11-09,-0.0005968712663866238,-0.0004328402211166871,0.00018096627770092802
2021-11-10,-0.0004915980398655851,-0.0008579356235987935,-0.0007862623752089617
2021-11-11,-0.0020873653610557572,-0.001244533781972701,5.089115493804857e-05
2021-11-12,0.003722276378021339,0.005706267350035277,0.006804514175707627
2021-11-15,0.0020572875248607626,0.0021717667132838624,0.0016298190073937913
2021-11-16,-0.0030629121563264944,-0.003467202451087703,-0.0033443473868536803
2021-11-17,0.0005666230491279975,0.0010792493345309015,0.0023597434596879146
2021-11-18,0.0018693481020370896,0.0018177110826206656,0.001551283913109096
2021-11-19,0.001035660471004457,0.0015154040327238327,0.0012264668429212747
2021-11-22,-0.001392339353265746,-0.002406374746277512,-0.0024040226014075804
2021-11-23,-0.0018608257678820862,-0.00022373935235281439,-0.0007043301742795224
2021-11-24,-0.0009772292019126526,-0.0019465961480284789,-0.002034539485536081
2021-11-25,0.0020158915736289175,0.003061344359715207,0.0035465295930172847
2021-11-26,-0.004656669426818159,-0.008915083007204673,-0.01007756775597248
2021-11-29,-0.002473684147610762,-0.004388538484090787,-0.005101936895661684
2021-11-30,0.002250389585112489,0.0034003302961606472,0.0038979310278856377
2021-12-01,-0.004766560862884807,-0.006423256521029862,-0.007071077598245976
2021-12-02,-0.0018648541860256805,-0.003004536889377923,-0.0030488878678144576
2021-12-03,0.003990521008935998,0.004416308298517225,0.004755128645642944
2021-12-06,0.0019708720825799817,0.0019462505831844392,0.001979322069002043
2021-12-07,0.0024942169067886637,0.004509831943044584,0.004630072606089457
2021-12-08,0.007347385707781807,0.010220265802157614,0.010850063725949578
2021-12-09,-0.002261935775657431,-0.0026747305027560505,-0.0028808513534388635
2021-12-10,-0.0019531964279911685,-0.0026743355162109294,-0.002723594289347148
2021-12-13,0.004052589354011884,0.005313867102928527,0.00551156376311111
2021-12-14,0.0004788294161265994,-0.0005707749325333966,-0.0011394713783527115
2021-12-15,-0.005566901614448067,-0.00706887388559958,-0.007332065868913266
2021-12-16,0.002479544687675755,0.0028526248849022385,0.002437827506263539
2021-12-17,-0.0018544709284981783,-0.002523919853918078,-0.003258833137572143
2021-12-20,-0.0033636148765361137,-0.0054012216316362376,-0.006415575520097877
2021-12-21,0.0018429123900103306,0.0036930633972568016,0.004258384315166459
2021-12-22,0.0017055092451408328,0.002349402167753123,0.002847314966778567
2021-12-23,0.00325348576245448,0.004063936373133992,0.00404763684081662
2021-12-24,0.0025763231251272754,0.003607382050881375,0.003674009677929946
2021-12-29,0.006778474339191959,0.009479136128623484,0.010312495471340916
2021-12-30,-0.0017139088755581565,-0.0008174210093283116,-0.0008680468333555948
2021-12-31,-0.0024146784076101765,-0.0033355142194724354,-0.002773246678024147
2022-01-04,0.006438499961761226,0.011619207295843698,0.013641473112397245
2022-01-05,-0.0037432822054466464,-0.005163080844296098,-0.006439551550991903
2022-01-06,-0.01263514353590933,-0.017157606615281425,-0.01778401486279586
2022-01-07,0.005049530349426097,0.007364308003121655,0.008178994926748472
2022-01-10,-0.002801320097750012,-0.0026810523071458424,-0.0026378189946806
2022-01-11,-0.0023113052104100297,-0.0038034246536301996,-0.003820937905283044
2022-01-12,0.004548751242923,0.00569667605182414,0.006288652190827639
2022-01-13,-0.00032916348629149285,-0.0002832056757810898,-0.0010579979657889815
2022-01-14,-0.00420669587485271,-0.007309835910881285,-0.008458198529680844
2022-01-17,-0.0001140730352597989,0.0025248418272045157,0.004398737936385507
2022-01-18,-0.0014643040376830286,-0.0008736367836091386,-0.0004566137971449946
2022-01-19,-0.008245428590523615,-0.010680074055878746,-0.012028973974046635
2022-01-20,0.0007273695630487987,0.0008172770634257533,0.0010577458977739298
2022-01-21,-0.007681578847561058,-0.013424415530347057,-0.015104147241743651
2022-01-24,-0.0035633154152327397,-0.0040151103355835546,-0.004066060127751821
2022-01-25,-0.011476650317512311,-0.01688630914580311,-0.018454794001037052
2022-01-27,-0.010504141737749335,-0.013564062054704777,-0.014681811752474731
2022-01-28,0.011481905977210017,0.016014992291888585,0.017571148696577416
2022-01-31,0.005783770138989407,0.007702703378019998,0.009548374843483398
2022-02-01,0.005120938177560206,0.007045819620562055,0.008238148095171116
2022-02-02,0.00580323367455395,0.008053087961011169,0.008129060278009035
2022-02-03,-0.0016255211896669365,-0.0032657204000279168,-0.0044915373493291675
2022-02-04,-0.0027144897729706576,-0.00122612200412684,-0.0013590023880451596
2022-02-07,-0.0010053425624694957,7.20398651770926e-05,0.0013279231524901702
2022-02-08,-0.0001976149248941406,0.0017353310257814396,0.0012847333477597025
2022-02-09,0.004824827356013924,0.007328757792586944,0.00821409214399902
2022-02-10,0.003419287161648846,0.004152784117235053,0.004456843413574759
2022-02-11,-0.010143560005860714,-0.011485880652538654,-0.011483743614944383
2022-02-14,0.0005938598022925136,-0.0015392978341330298,-0.0036763344670182182
2022-02-15,-0.004021054079879123,-0.004074963404975878,-0.003988092188807904
2022-02-16,0.0061526735587303025,0.009932115109342042,0.011479821474779847
2022-02-17,-6.909256287068602e-05,-0.0007997827459383433,-0.0014120210762755716
2022-02-18,-0.004745773178311123,-0.006560859784585311,-0.0070673475179971485
2022-02-21,-0.0022102854986485896,-0.003681399649020362,-0.005210857966489153
2022-02-22,-0.008441265263012912,-0.012974169629067212,-0.01550227107520727
2022-02-23,0.003034303628611696,0.0055376947971537095,0.006863949675589549
2022-02-24,-0.014051701720857143,-0.021767626905271294,-0.025255705938576612
2022-02-25,0.005357337975086291,0.008778223317614407,0.010399910562220222
2022-02-28,0.004106870562810353,0.003952139144675221,0.002948083330879461
2022-03-01,0.006091009703259273,0.008130334163995452,0.009366052042238268
2022-03-02,-0.0013504483273446425,-0.004182473601845199,-0.0066203230159865255
2022-03-03,0.0022942124483543757,0.005478450997950802,0.0062099106606222955
2022-03-04,-0.008989934543407383,-0.013937000381734167,-0.017035044313699566
2022-03-07,-0.008364430935259301,-0.013452577075418658,-0.017098135565165026
2022-03-08,-0.006288797721992264,-0.006355844908411068,-0.005912096881004799
2022-03-09,0.005079661752586453,0.008763616828931009,0.01030747091336087
2022-03-10,0.00580201279247617,0.010824837290070994,0.013116314791270366
2022-03-11,-0.007405729398413858,-0.010186874824400432,-0.012141480451301985
2022-03-14,0.0040125164100513686,0.007076210388116289,0.008114599617093984
2022-03-15,-0.0048914077834871315,-0.005216103151472156,-0.005621751407215256
2022-03-16,0.005905244696441175,0.007972911392428656,0.008403016510791011
2022-03-17,0.009055176130466348,0.012783093543582503,0.01546282496133565
2022-03-18,-0.0004979961383532894,-0.00024832538583116615,-0.0010809206641543257
2022-03-21,0.003327431377653621,0.00474306736158538,0.005711935376496763
2022-03-22,-0.0014900506732159822,0.0016330960322359868,0.0023352931763970675
2022-03-23,0.0035185579444468136,0.005824538662019773,0.00698888517703398
2022-03-24,-0.0013500162101011013,-0.003312091870113958,-0.0046119437477807656
2022-03-25,0.002312172679422679,0.003333460101239378,0.002824921336072099
2022-03-28,-0.004396310210615514,-0.003385103267263584,-0.003310782534273895
2022-03-29,0.004836412790402929,0.0077507096732869485,0.009427247725043802
2022-03-30,0.005719014478874205,0.006121604056135322,0.006371713996239751
2022-03-31,0.0005830339175907983,0.0006868411953102618,0.0011007411474774432
2022-04-01,-0.003837028080669055,-0.004876466263825669,-0.005687167521111581
2022-04-04,0.0004049337403757014,0.0017085592636127687,0.0026127311653765086
2022-04-05,-0.0007332029114246074,-0.0009885646241719172,-0.0017327027010993657
2022-04-06,-0.006468386013507631,-0.006943035950787356,-0.007608909178120837
2022-04-07,-0.00230325787309555,-0.0037757981557374363,-0.004071552868600565
2022-04-08,0.0024939368672770123,0.004185985888289439,0.00480214270458275
2022-04-11,-0.0028576668929805424,-0.002676978527995577,-0.0031280486716002746
2022-04-12,-0.0058673456870069725,-0.006708789976246842,-0.006897796279480768
2022-04-13,0.004105455303692958,0.004624669622843736,0.005099714582554609
2022-04-14,0.004990166104915386,0.005207446070054517,0.005157951556519781
2022-04-19,-0.0025845575404045635,-0.0004008509612476343,5.1930324041670164e-05
2022-04-20,-0.001328021613106659,-0.0008247555869379199,-0.0011828876904478604
2022-04-21,0.0034239322841801843,0.004405043176823297,0.004399197841115274
2022-04-22,-0.00809895130446818,-0.01005723701244483,-0.009927382480829345
2022-04-26,-0.008155931360086431,-0.011695811450804134,-0.012028002953119045
2022-04-27,-0.007486545143768108,-0.010108992426577078,-0.01131266552768497
2022-04-28,0.005898555411137103,0.00903467013915184,0.01089226996499106
2022-04-29,0.0050168048563866445,0.00854323508295461,0.010097044337426643
2022-05-02,-0.010975174556997008,-0.013120731811037307,-0.013176880299365134
2022-05-03,-0.004607715084357312,-0.0050087855345724575,-0.005332844417149937
2022-05-04,-0.001973744777866658,-0.0011193019663729932,-0.000950851124505604
2022-05-05,0.00937757662988581,0.009746483880054524,0.008872251129258806
2022-05-06,-0.014098967622143311,-0.018218949593044993,-0.019127188382356806
2022-05-09,-0.00885726770673905,-0.011408024882211983,-0.012043173670808894
2022-05-10,-0.0054152454259136775,-0.008200239907836044,-0.00864532899832369
2022-05-11,0.0024317447874815643,0.002894257087823194,0.0032331813950217804
2022-05-12,-0.006672357243229712,-0.011686526486338477,-0.01344187409057422
2022-05-13,0.008789605799523911,0.012716745151707043,0.013944802429960743
2022-05-16,0.0030866659219724226,0.004196746877590351,0.004904630467492465
2022-05-17,-0.0008751431906589145,-1.911618301148624e-05,-0.0003468309954515504
2022-05-18,0.0048166895640377886,0.0073130813971295115,0.00810965803339675
2022-05-19,-0.011641103124470404,-0.016677373788195733,-0.018837780453783586
2022-05-20,0.00483949733939092,0.005853264484131648,0.00635194267908
2022-05-23,0.0005241509565014469,7.603594823301084e-05,-0.0007324352417847601
2022-05-24,-0.0016391919678515631,-0.0022593466686753497,-0.002683498005209259
2022-05-25,0.003944323382994665,0.00324778541524432,0.002299316045752666
2022-05-26,-0.0006851097898461002,-0.0017014975557235743,-0.0015632904637195798
2022-05-27,0.006363994965590767,0.009646733611441699,0.010877979385189408
2022-05-30,0.01125675305190466,0.015292555805284781,0.017039552390570055
2022-05-31,-0.0055283129506688315,-0.005582831238027142,-0.004918827019319124
2022-06-01,-0.0032797289189140056,-0.0033042322490040355,-0.0038084126487497195
2022-06-02,-0.005060051575252838,-0.006237368054435483,-0.006764492100077984
2022-06-03,0.005709511836839777,0.007876068908579953,0.008392916169114058
2022-06-06,-0.0033677315748306576,-0.004482493784148638,-0.0048366045456545905
2022-06-07,-0.008202335764586894,-0.009864726756901438,-0.009608542992981509
2022-06-08,0.00451825524792995,0.005745318388122533,0.006518225537492319
2022-06-09,-0.0056341767978506764,-0.00821129847361654,-0.008684069061941767
2022-06-10,-0.009648881634591225,-0.012020459733264412,-0.012139141655857158
2022-06-14,-0.027640249780433418,-0.03174510299504507,-0.03204194165555828
2022-06-15,-0.010290480103686595,-0.009768538313396101,-0.008120472295261437
2022-06-16,0.002551786091339614,-0.000130844611144898,-0.0024551135932310317
2022-06-17,-0.0106583408291834,-0.014712484730709753,-0.01614886243049435
2022-06-20,-0.00011405516895644514,4.0206385604740834e-05,0.0004917626427720959
2022-06-21,0.0066388345791280525,0.009677610046368745,0.011043082500718095
2022-06-22,6.105479770135423e-05,-0.00165559551951176,-0.0026717758115064904
2022-06-23,0.007521773233265621,0.007545876585204675,0.007566535991252206
2022-06-24,0.007630110230622763,0.008762581631211302,0.009459321678294781
2022-06-27,0.009996855133377128,0.01613274726062968,0.018673159593248067
2022-06-28,0.002561414524511736,0.003197056883849858,0.002642966912094429
2022-06-29,-0.005981018644000014,-0.009232971558191543,-0.010520612083856795
2022-06-30,-0.008320320994341523,-0.012337414397977338,-0.013306170999796401
2022-07-01,0.0005639332756277248,-0.0017273102278124732,-0.00228932467478223
2022-07-04,0.008620195269616758,0.010626681231467748,0.011183525461321429
2022-07-05,9.823582385069427e-05,0.0008054342587636763,0.000875312947881972
2022-07-06,0.00011740083832953549,-0.002084202398302942,-0.0026719211647561274
2022-07-07,0.002819122611805177,0.005446056032799245,0.006284115211089817
2022-07-08,0.0017105848182044272,0.0037182584066921594,0.004818281211781631
2022-07-11,-0.0047069232432706345,-0.006561470497745736,-0.007522525769230983
2022-07-12,0.0009339309684028873,-0.0005316991169154462,-0.000992425884394186
2022-07-13,0.0006863729082174275,0.0006069339666498087,0.000407371133974681
2022-07-14,-0.0019465960689222374,-0.0016572464168377933,-0.001839850139744316
2022-07-15,-0.0018844628465430804,-0.0026353260176007033,-0.002734010373895225
2022-07-18,0.008177098928828624,0.01074988376998327,0.011418640313388352
2022-07-19,-0.0059261502972432325,-0.0067366812830278785,-0.007520169942513012
2022-07-20,0.009966850679811833,0.014765835135294116,0.015984903645894284
2022-07-21,0.0012444138270931637,0.00180916373015933,0.002290420900368812
2022-07-22,0.003521746070942554,0.002504620628752563,0.0020912086538048447
2022-07-25,0.00041982957822448894,-0.001511678817071693,-0.0025746679623199296
2022-07-26,2.5285584989279673e-05,-1.317164806101086e-05,-0.0005758331350437542
2022-07-27,0.0023816612744415456,0.0017943671015104136,0.0014928709308122293
2022-07-28,0.00637950394798382,0.008164617518761534,0.008576601359731997
2022-07-29,0.011328312061347103,0.011842389392615926,0.011622726898777372
2022-08-01,0.002322496725479034,0.004202676887729922,0.004837246000688983
2022-08-02,0.0023391909007668132,0.00014452134358724502,-0.0007943280235035488
2022-08-03,-0.002855520404468973,-0.0007735474619769865,0.0008196819537975997
2022-08-04,0.0018341154133770454,0.0028982665718145055,0.0033292204653014718
2022-08-05,0.004224910098228765,0.005219890493196611,0.005979377256834308
2022-08-08,-0.003309813631459909,-0.002059445100352836,-0.0015117633814996346
2022-08-09,0.000790968415626716,0.0005423571372333293,0.000546027575636441
2022-08-10,-0.004391119381522288,-0.004830604412968059,-0.005320764926814258
2022-08-11,0.005958451190213295,0.008732680702430667,0.009243214671046229
2022-08-12,-0.004091333670262317,-0.0042901327110452196,-0.004393182149027773
2022-08-15,0.006442364857633777,0.00829417079711483,0.00942911461763585
2022-08-16,0.004956284625955571,0.004503314455401625,0.0044091792003815595
2022-08-17,0.0022806576794362466,0.004288856102640492,0.005044519928806415
2022-08-18,-0.003534823543544714,-0.0030949112874375795,-0.002339581295993817
2022-08-19,-0.0010367243280701621,-0.00035677945387179724,-2.05552855204782e-05
2022-08-22,-0.00922230172329488,-0.01012145944526841,-0.010544255582034425
2022-08-23,-0.008055038387688935,-0.01020896095303914,-0.010732150757883004
2022-08-24,-0.000741507378108096,-0.00015377664276954869,-0.00038159690229373533
2022-08-25,0.003182184781302363,0.005418284980879406,0.005904483498779288
2022-08-26,0.004722453982142995,0.0058259919757413575,0.00636951915934526
2022-08-29,-0.015583110354476341,-0.019049994273041018,-0.019505789532760075
2022-08-30,0.0036037104627219233,0.003633485453892416,0.0029936933009746536
2022-08-31,-0.0021067329914479594,-0.002524890044864292,-0.0024412223949476365
2022-09-01,-0.010187475800852355,-0.012269429512225155,-0.012568648981871145
2022-09-02,0.00040672787542044605,0.0005085364018400759,0.00041555085594018325
2022-09-05,0.0004940592029610093,-0.000421004016686516,-0.0011290155597297436
2022-09-06,0.0002655367478075409,0.0008501740238096526,0.0013598258370488838
2022-09-07,-0.006484721999564381,-0.007573243270129355,-0.006947777944413279
2022-09-08,0.014197973355215712,0.016871089547886287,0.01733752151451424
2022-09-09,0.0010272205085575972,0.0021826394415228267,0.001975999258820419
2022-09-12,0.004716989568775864,0.007407261162364531,0.008054526331887477
2022-09-13,0.006277166397439061,0.007917418312707914,0.008566334421698272
2022-09-14,-0.017704216997668644,-0.02210817288530026,-0.022388100382418397
2022-09-15,-9.504926383457115e-05,2.0289897136605017e-05,-0.00030869403077885883
2022-09-16,-0.008670841461164994,-0.011774117982170823,-0.012656412297310366
2022-09-19,-0.0014746036277750497,-0.0017648116741532439,-0.001785362609151122
2022-09-20,0.006998471623952952,0.00842970985443119,0.008200155186483581
2022-09-21,-0.00914686615336541,-0.011121214402599484,-0.011030181435871627
2022-09-23,-0.015079068043213784,-0.01773566706740766,-0.018473015554504972
2022-09-26,-0.011156150751811004,-0.01377440152658052,-0.014160261707668098
2022-09-27,-0.0008548585326495551,0.000622903251659906,0.0011040959634829443
2022-09-28,-0.004571487013841202,-0.004264392857756889,-0.0034360416250632775
2022-09-29,0.010861667761406695,0.011899416398559015,0.01112644155247053
2022-09-30,-0.008046089510221536,-0.011816214147389408,-0.013286490513488214
2022-10-03,-0.0013599839767569778,-0.001416984448786235,-0.0009721799866140333
2022-10-04,0.025073059780310217,0.03002270555890686,0.031102861623034567
2022-10-05,0.010091617902227111,0.014390651881030074,0.016199294423601084
2022-10-06,-0.0015437127176803867,0.0003159445116841186,0.0007449717538777378
2022-10-07,-0.005584886125046472,-0.0064562578289963255,-0.005669209976365162
2022-10-10,-0.011107535000129336,-0.014143314535126711,-0.015188010114407674
2022-10-11,-0.004607523394240648,-0.003989243248082275,-0.003330458053305653
2022-10-12,0.0014517678590795268,0.0011366431047173887,0.0005770034913489773
2022-10-13,-0.004062914822573075,-0.005122046913979632,-0.0059684154847375525
2022-10-14,0.011322394152079788,0.01565270235497932,0.016869015210604892
2022-10-17,-0.007940130002860634,-0.010037349893635061,-0.01001618690588085
2022-10-18,0.014777052415285456,0.01844727895413448,0.01937949949617508
2022-10-19,-0.0005314220901581902,0.0009996636303899907,0.0015711163640449131
2022-10-20,-0.008310687720004536,-0.009509220283754637,-0.009772222964555061
2022-10-21,-0.006941821577080717,-0.006991494356850802,-0.006543887261795246
2022-10-24,0.010330873971289473,0.012126100659543575,0.011398751150059503
2022-10-25,0.004479701267600067,0.005223737083338925,0.004990435020081641
2022-10-26,0.003920663639741898,0.002897905292888681,0.0018482268558789395
2022-10-27,0.002683183727853744,0.0013422121215855738,-0.00030161047661747976
2022-10-28,-0.0023690431351064646,-0.005783927263619898,-0.007102952686443104
2022-10-31,0.0098621888666489,0.014091533110897078,0.01608794669567624
2022-11-01,0.0033648372857729364,0.006446990920926404,0.007107482866730247
2022-11-02,0.0002571694489308231,0.0013640523409182814,0.002667634301005555
2022-11-03,-0.012238602734804073,-0.015351255264082736,-0.016173711870293393
2022-11-04,0.000639786462580846,0.0015035664726098519,0.002655712559777891
2022-11-07,0.0029379899241685006,0.004225923335632065,0.0042691223783298555
2022-11-08,0.0003090361239133521,0.002243984696075496,0.002464279467987276
2022-11-09,0.006629383523238979,0.0059636250833784875,0.005188707521418286
2022-11-10,-0.0011605483067069896,-0.00399998937378761,-0.004836949752539956
2022-11-11,0.02003475721964305,0.024335452144240453,0.024522313616957548
2022-11-14,-0.0012789226993553948,-0.00028430421283120457,0.00044237893401225436
2022-11-15,-0.0011014057502913423,-0.0015126572062142852,-0.0014564754632111
2022-11-16,-0.00011722006835023229,-0.002381194944089571,-0.004049655709272199
2022-11-17,0.0023380335336371373,0.001638577549328213,0.0010529259184335349
2022-11-18,-0.00018080121750872812,3.6564767088687706e-06,0.00016868861771843883
2022-11-21,0.001057831263204032,0.0012097332996229891,0.001466093898799992
2022-11-22,0.0025359062699517577,0.004070316160657562,0.004945670041409498
2022-11-23,0.0038488673478917325,0.0045650084028553365,0.004449238208243348
2022-11-24,0.0017063009126070594,0.00038473986389348533,-0.0011299766079741612
2022-11-25,0.000579841475981726,0.0009451944251684829,0.0007862974421014202
2022-11-28,-0.0008673374480975939,-0.0011497274047979678,-0.0008321059800469842
2022-11-29,-0.002136898848030546,-0.0007009041716904806,0.0004699466228581582
2022-11-30,0.0025976853872981187,0.0025723192632110814,0.0026125180820078886
2022-12-01,0.009600038288901637,0.01105496663133536,0.011281755421511608
2022-12-02,-0.001298825706085621,-0.0041210093983740596,-0.005020763573750183
2022-12-05,0.0009583992522459794,0.0015739704398372357,0.0017113215094422774
2022-12-06,-0.003717159604573949,-0.004247440149820426,-0.0036804764806151915
2022-12-07,-0.003695360448612495,-0.005987214282180924,-0.006258334215592126
2022-12-08,-0.003200958641539887,-0.0049496844345032435,-0.005613184293996637
2022-12-09,0.0036013253660759316,0.0034973672625426225,0.0027951983963723447
2022-12-12,-0.005166081432200605,-0.00567422849982594,-0.006252446424859102
2022-12-13,0.003607916431687369,0.005490734542776394,0.00637350450186194
2022-12-14,0.0050605272983078285,0.005786936946256393,0.005485318672381851
2022-12-15,-0.004961323994086361,-0.005922214129731752,-0.006303285004939174
2022-12-16,-0.0058539547914780625,-0.006824858296917874,-0.0061513981706599
2022-12-19,-0.00438666697749671,-0.0049884917063089005,-0.005277612083643522
2022-12-20,-0.011518649060968479,-0.012668649400125659,-0.012496844392751262
2022-12-21,0.007691166360576693,0.010405564367399934,0.011151911171425239
2022-12-22,0.0026081653763744585,0.0038533044076974002,0.0038329608290320685
2022-12-23,-0.005495385202761204,-0.0061214461155499,-0.005903748765451488
2022-12-28,-0.005188996532188546,-0.0041670336344377,-0.004242560766162792
2022-12-29,-0.004608965508848124,-0.006173945176722972,-0.006448674723382175
2022-12-30,0.004589664719952835,0.00536423465682902,0.0055678488156997025
2023-01-03,-0.003613887756923826,-0.006206249436501988,-0.006925522973561597
2023-01-04,0.0060415929075626805,0.007822902695441792,0.008157351567031741
2023-01-05,0.003604535149144295,0.0038909180143609666,0.004483874996936073
2023-01-06,0.0006973337753907149,0.0017139500145933848,0.002337941659818027
2023-01-09,0.006397699160570355,0.005841670156289164,0.004620361927729926
2023-01-10,-0.001712609521149444,-0.002191106641299723,-0.0020350639347339917
2023-01-11,0.0056288272396915525,0.007934089049311999,0.008739186881051332
2023-01-12,0.008391782240726635,0.008785848338029372,0.008083308743853539
2023-01-13,0.002299260113974279,0.003295840418143664,0.003332822411335009
2023-01-16,0.004412891422859431,0.005864793326585049,0.006362470675639038
2023-01-17,-0.0009721871573421493,-0.0011600912517605144,-0.0016126191697089752
2023-01-18,0.0013494688364570793,0.00043204355303339556,0.00011464713934017381
2023-01-19,0.00433621071387994,0.00300115897227774,0.002777338826810228
2023-01-20,-0.001923967862111633,-0.001141432985036139,-0.0008810177213071869
2023-01-23,0.0012888122337938756,0.0025777003556384684,0.0030609059316370193
2023-01-24,0.0030474922051580726,0.004810475918325986,0.004925687680666619
2023-01-25,-0.00456306721642578,-0.006017401929102401,-0.007286161223693074
2023-01-27,0.001106970394750704,0.0032196247499169605,0.0042005888557379994
2023-01-30,0.0018846539035882346,0.001539008718030116,0.001224380571232423
2023-01-31,-0.0024756031656477714,-0.0033756313234278414,-0.003976021789655227
2023-02-01,0.003339263713596206,0.004478246845950252,0.004841722368102461
2023-02-02,0.004305303278018244,0.004596218495626875,0.004816733015933234
2023-02-03,0.008068746231259803,0.00872702455692086,0.00850169130073748
2023-02-06,-0.004300773720535167,-0.0036131047668053144,-0.0025336496980091754
2023-02-07,-0.00466688628181108,-0.004122081946587775,-0.0033671202219103693
2023-02-08,0.0030570921028010402,0.0036463417494888854,0.0033694808321479345
2023-02-09,-0.0035498853286802857,-0.004670020548689985,-0.004798031638099905
2023-02-10,-0.005935609155435369,-0.007112758189493257,-0.007399135737056442
2023-02-13,-0.0024010983645176894,-0.002157895817357569,-0.0021138921355011086
2023-02-14,0.004096804300577117,0.004514376635674189,0.004443348439476725
2023-02-15,-0.003105998545418414,-0.0036663647839702495,-0.0033360070927963173
2023-02-16,0.005260391126617269,0.00821675999484391,0.009932299762768701
2023-02-17,-0.006942915262477348,-0.008024058690683561,-0.008091329005745558
2023-02-20,0.00010797808866360847,-0.001009347120221843,-0.0020890175813993543
2023-02-21,-0.002402688868279581,-0.002905138674642349,-0.003096242383178285
2023-02-22,-0.003363802894481717,-0.0034299194797960566,-0.0037058300778351743
2023-02-23,-0.0002459040804105894,9.675083929566698e-06,0.0007184802178354633
2023-02-24,0.001188513418109125,0.0010791284585788543,0.0006785263815986942
2023-02-27,-0.004757120236746895,-0.005269134831136929,-0.004489430020972563
2023-02-28,0.003293815311855379,0.004271333295946344,0.004342934606425526
2023-03-01,-0.0003899921212597078,-0.0015643079449731924,-0.0018397620114597062
2023-03-02,-0.002436472035748919,-0.0019462575478151778,-0.0016289776108437328
2023-03-03,0.00244252164134655,0.003836418270431918,0.004346707740297072
2023-03-06,0.009190021812154434,0.010261576194723388,0.010641047210612844
2023-03-07,0.004324038949112776,0.005288510070707298,0.006003630071702381
2023-03-08,-0.005319741269286721,-0.005966786162777615,-0.005806049216414069
2023-03-09,0.0015749441343586622,0.002137207642090633,0.0022031942053049795
2023-03-10,-0.008828075353308736,-0.016061672300359053,-0.018690784773834884
2023-03-13,0.0018670600827395325,6.325857329129146e-05,-0.000497615262713055
2023-03-14,-0.005553099904797061,-0.010387036697172879,-0.012379300937929489
2023-03-15,0.0033764848586372064,0.005968019595355045,0.0063069578064513425
2023-03-16,-0.0009756270322343907,-0.0048053049850329665,-0.0055790006625515065
2023-03-17,0.0015134138207853953,0.0023869396203723137,0.002444906253370217
2023-03-20,-0.0034797321691014535,-0.00849123525358473,-0.010111006307129447
2023-03-21,0.0061565681089138565,0.008057706429823747,0.008641548505630713
2023-03-22,0.001985642269591822,0.0059279336140806785,0.00787625577908501
2023-03-23,-0.002573186345674337,-0.005650354553635951,-0.006749656442402112
2023-03-24,0.0023441459743056945,0.002050418993547071,0.0028313938046400137
2023-03-27,0.0031332740861382503,0.0038412641587297017,0.004249023299914961
2023-03-28,-0.0012117824823136432,0.0012281840600527835,0.0013957593739989688
2023-03-29,0.0006540068709440484,0.0013092661056009816,0.00167186532955122
2023-03-30,0.0051419619350906096,0.007684213534624667,0.008599199552035587
2023-03-31,0.004955242707664492,0.0062000444952157955,0.006617625180142777
2023-04-03,0.004549267711995319,0.00646689161495792,0.007252713827738752
2023-04-04,0.0019112548417626906,0.0005614659156903456,-0.0009538365421728547
2023-04-05,0.0012345869022943991,0.0014177054996564187,0.0023964331707258925
2023-04-06,-0.0005377957664158139,-0.0023767548686385144,-0.003240057268455023
2023-04-11,0.004533642093084106,0.00826114607342661,0.009846621052365164
2023-04-12,0.0018542639570478157,0.0032599745794613944,0.0038002118636243096
2023-04-13,-0.0026834644921166703,-0.003285447206210568,-0.003699301496319074
2023-04-14,0.0023491530671577903,0.003306088670418273,0.003048787616484362
2023-04-17,0.0014862543647547557,0.0037470670392161123,0.005190578094312335
2023-04-18,-0.003310130893918701,-0.0028263251131176283,-0.0028158447456041865
2023-04-19,-0.0002468998527472532,-0.0004324973482182915,-0.0007213724316548165
2023-04-20,-0.00045113928877671183,-0.00020089087432200722,-0.0002746209420510304
2023-04-21,-0.0005369186597776509,-0.002172775669809024,-0.0026146362257448695
2023-04-24,-0.00029451773586451575,0.0002876435227278151,0.0006148035040263922
2023-04-26,0.0039837316696327485,0.002353903607239238,0.002261673572839167
2023-04-27,-0.004380878165294973,-0.00453686162067778,-0.004608950740149234
2023-04-28,0.004730236835609267,0.0065009342347880136,0.007454323015812814
2023-05-01,0.0035830627311267435,0.0037508811219707228,0.0036086530659761432
2023-05-02,-0.00799493002610354,-0.009412500265156155,-0.010200745318409664
2023-05-03,-0.0007860428643293787,-0.0033420884927215684,-0.0035639921028349677
2023-05-04,0.0008894302040290369,9.366738671218156e-05,-0.0003496390886436945
2023-05-05,-0.001490784197738728,-0.0010862022586872967,-0.001508612431432291
2023-05-08,0.0029669411816392157,0.005239323924030436,0.0056633952037429365
2023-05-09,-0.0013635486068366053,-0.0012374380576503977,-0.0011871663059116744
2023-05-10,-0.0008364882371673021,-0.0008617495304213407,-0.0010783052502952952
2023-05-11,0.0021785727642041654,0.0018079565885701142,0.0016915255415992218
2023-05-12,0.0037966455425183163,0.0036380197285289127,0.004192090123056361
2023-05-15,-0.0012960936893509146,0.0007673043846796511,0.0016382657269991454
2023-05-16,-0.0006865677767266677,-0.0014541662038948635,-0.0014512328419483422
2023-05-17,-0.0026729254838220107,-0.0032067761773936273,-0.002945840920016099
2023-05-18,0.001956125419728324,0.0037937513929420684,0.00437825866448178
2023-05-19,0.0014613028449547937,0.0040815920127293855,0.004824611905134152
2023-05-22,-0.00025548218643506993,-0.0008096590305376294,-0.0007917880442123958
2023-05-23,-0.0012726009573256702,-0.0006380882790175402,-0.0006567475295607961
2023-05-24,-0.0029140543968386753,-0.004571356944300448,-0.004632607868799235
2023-05-25,-0.004237767909157319,-0.00472766837178597,-0.00415824088136597
2023-05-26,0.00015851654836525407,0.0010450636153366611,0.0014784692156791456
2023-05-29,0.006193372777043799,0.00867658158236596,0.009153821798934828
2023-05-30,0.00017569991821016044,-0.00024388920571575266,-5.2528089259447526e-08
2023-05-31,-0.0024711288578514396,-0.006755964260589799,-0.007734465148616635
2023-06-01,-0.0007157529102303527,-0.00014793132844969636,-0.00015086137230193377
2023-06-02,0.0028893746665627166,0.0034440397155044208,0.0032972296065998784
2023-06-05,0.0019786229154838343,0.005647648532836742,0.006572152534334415
2023-06-06,-0.004370902739347638,-0.0061492054346027015,-0.006156437609174872
2023-06-07,-9.233266720200093e-05,-0.0007465672785270439,-0.001164099954795489
2023-06-08,-0.0053551096155462115,-0.004678770728105958,-0.004146568991915847
2023-06-09,0.0029754677659022243,0.0028881687073791795,0.002586441689378767
2023-06-13,0.002236195048357858,0.0023104873147900607,0.002178354441495273
2023-06-14,0.00028792164138969354,0.0017087712284029166,0.001960816377378053
2023-06-15,-0.0016001341252639676,-0.0009514834732886057,-0.0011259225199126942
2023-06-16,0.0053330916016533746,0.006455902782031203,0.006225848248469039
2023-06-19,0.0013369807939349098,0.0017521217190024532,0.0016086009320591108
2023-06-20,0.0021210659812430184,0.004109167926100038,0.004622904145907037
2023-06-21,-0.0006761074824533519,-0.001905560787034194,-0.00218352154094518
2023-06-22,-0.005616992515193076,-0.008892178945236612,-0.009222747563359664
2023-06-23,-0.0038402371714577905,-0.0051523682695552905,-0.004831613560472009
2023-06-26,0.0009697268113530066,4.386157681058331e-05,0.00016492589822453719
2023-06-27,0.0011469858304100698,0.0016094249212678436,0.0010402055249746011
2023-06-28,0.006714042148462149,0.00988748489601789,0.0113852378603317
2023-06-29,0.002034277622552597,0.0030900089114095867,0.0038559220769906377
2023-06-30,-0.001261614982515259,-0.00020715210601703342,-4.952250415418362e-05
2023-07-03,0.004185604072310016,0.005415044041035844,0.0056954922962637045
2023-07-04,0.0017388503907446486,0.0030000481613685513,0.003683322973464216
2023-07-05,-0.002022353702220696,-0.0031001260001091266,-0.003767388205043418
2023-07-06,-0.006447421781691465,-0.007008481259762478,-0.006815067338144803
2023-07-07,-0.00865967971257956,-0.010107290677231201,-0.009857816571284334
2023-07-10,-0.002991165036781128,-0.0041137902523001035,-0.00443802781979985
2023-07-11,0.00732423484857821,0.00916181361187196,0.009584998058035062
2023-07-12,0.0032697224501016552,0.0037500972982253294,0.003599492982128361
2023-07-13,0.006794783190875527,0.008243645627737533,0.0076647251513068055
2023-07-14,0.0038189297615653485,0.0034859737235889425,0.0026035712081540724
2023-07-17,0.000774932778893659,0.0015156695110857207,0.0023750070665528324
2023-07-18,0.0004945800346657382,-0.00020925302321961897,-0.0003649590412500361
2023-07-19,0.00639041948442024,0.007343558201991928,0.007589693631092239
2023-07-20,-0.0006197952391261641,-0.0006253876856776641,-0.0007488889409985956
2023-07-21,-0.0022989918076689172,-0.002142783646367419,-0.00223728895468133
2023-07-24,0.001310053094744845,0.0016524194303988993,0.002207629542576385
2023-07-25,0.0007481590531634542,0.00146057706186698,0.001862691916723257
2023-07-26,0.0032551540042903703,0.004280514484206866,0.00443569114755422
2023-07-27,0.004065138353510767,0.005412155234376804,0.005597403649792871
2023-07-28,-0.001887614375462262,-0.0006130452373600717,0.0017669748843735142
2023-07-31,0.0010135137395476544,0.0013140046518612168,0.0015374461708667288
2023-08-01,0.0039713430071726345,0.004365687222055343,0.004270903696493762
2023-08-02,-0.004940023515388779,-0.00639592044855738,-0.006071041156849315
2023-08-03,-0.005325588024480002,-0.0055099705210295445,-0.005097015408422659
2023-08-04,-0.001147198873074382,-0.0006120264146555146,-0.0008035626365507031
2023-08-07,0.0003576639671490589,-0.001230116067419579,-0.001842117645942829
2023-08-08,0.0017879751539185604,0.0016248684698229152,0.0017655002401534205
2023-08-09,0.0013802038331239288,0.00033660660216104383,-0.0006391465874999183
2023-08-10,-0.0009472935951024563,0.00020489034354488915,0.0005686970217093201
2023-08-11,-0.0013456617765109746,-0.0006302288223256402,-9.352818621225496e-06
2023-08-14,-0.004503141281842505,-0.004702015125810849,-0.004533463855155707
2023-08-15,6.417927796720246e-05,0.0008166456351612615,0.0007313842573128547
2023-08-16,-0.004467480582188979,-0.006910201576235659,-0.007091076648902345
2023-08-17,-0.003423393022657135,-0.0023357689883697686,-0.0010727808948593387
2023-08-18,-0.00010616776622535552,-0.00150378353938711,-0.0025323000516931653
2023-08-21,-0.001847217609209586,-0.002164210681288514,-0.002328303870907681
2023-08-22,0.0016928806318065694,0.0027539134343567643,0.003100323792703733
2023-08-23,0.0020103539726254315,0.002243314633494431,0.0022620425843019824
2023-08-24,0.006993161894975458,0.006688191546734491,0.006454327565786833
2023-08-25,-0.006972093553606862,-0.008470115083428554,-0.008445408262560686
2023-08-28,0.0032745125695531094,0.00416111949094009,0.004080236076382451
2023-08-29,0.004502244870645329,0.00552027458361779,0.005794036314774055
2023-08-30,0.0068418561065791824,0.009333361124599348,0.00987762451543209
2023-08-31,0.0019901670840121355,0.0017772148757472296,0.0009871059224327516
2023-09-01,0.00041736106526933377,-0.0005795492786872691,-0.0006461931721035508
2023-09-04,0.0008246865442591133,0.0027984113003646674,0.003602663995434321
2023-09-05,8.321609370937153e-05,0.0007414247168383182,0.0014857497589553681
2023-09-06,-0.002967686836036196,-0.004313970903242193,-0.004714404121010965
2023-09-07,-0.005244150361967462,-0.006417914295392991,-0.006714721321041973
2023-09-08,0.0007223992303977865,-0.0010731629956892308,-0.0019721111599432877
2023-09-11,-5.804788702199452e-05,0.001083874797311285,0.0009485239623651131
2023-09-12,0.0013601206537185294,0.002109066629418549,0.00262909144020288
2023-09-13,-0.003251273151305776,-0.004408563966898576,-0.004507624870010573
2023-09-14,0.0028668746140062882,0.002973626385739287,0.0026916861170500754
2023-09-15,0.004865263670393352,0.006787190789178238,0.006880879530390312
2023-09-18,-0.005374574679816911,-0.0062105188487667825,-0.0065408247568399785
2023-09-19,-0.0011948788130486832,-0.0020624531432906937,-0.0022225508266217934
2023-09-20,-0.0037158060230520294,-0.004664091179182078,-0.005181987923152645
2023-09-21,-0.00597659012504467,-0.0072302361590574115,-0.007303271385981529
2023-09-22,-0.004210375625362137,-0.004851960479986339,-0.004808015173909241
2023-09-25,0.0011346879706898292,0.0006094768466328394,0.0002120730027804084
2023-09-26,-0.004324134696489107,-0.0047520929556141515,-0.004995379627983833
2023-09-27,-0.001428643892939111,-0.0015855720628621117,-0.0014102521617127542
2023-09-28,-0.0021584881533485544,-0.0018841910475383861,-0.001996543167159887
2023-09-29,-0.0008561593277357492,-0.0006748431411482958,-0.001155311800002793
2023-10-02,0.00045634325406776217,0.0011453975144737503,0.002072373291947326
2023-10-03,-0.006134221420552043,-0.00792794587902572,-0.007691951753264123
2023-10-04,-0.007783026245714739,-0.008884018244490777,-0.009600918093161978
2023-10-05,0.005606276045643698,0.005580827818528344,0.004955247811566921
2023-10-06,0.0006891039976035285,0.0010437146945138586,0.0011852321935551292
2023-10-09,0.0030740835931255383,0.0035561274714612902,0.003917553798192379
2023-10-10,0.006475064139961284,0.008052433279822746,0.007906398043280657
2023-10-11,0.003779687541927973,0.004760231368989815,0.005157009134845903
2023-10-12,0.005081930667585012,0.005812721421103617,0.0064094703814757065
2023-10-13,-0.0028950511896401725,-0.002839149632109367,-0.0018255141908139012
2023-10-16,-0.001959625180858669,-0.003430018227745168,-0.004348829296840619
2023-10-17,0.0002544676593792994,0.0019528564899340406,0.0021100681854510236
2023-10-18,-0.0015121167466653428,-0.0007685120550466384,-0.0010175559345385911
2023-10-19,-0.007043820528747587,-0.007877266229594865,-0.0072545947566173925
2023-10-20,-0.003932968493499199,-0.00665248131101856,-0.007545720587347324
2023-10-23,-0.006061958337127053,-0.007377529683750289,-0.007993289495125866
2023-10-24,0.0008679276392684109,-0.000813185483499379,-0.0020568505109708193
2023-10-25,-0.0008019462841459756,-0.001326246195405051,-0.0015359617164363048
2023-10-26,-0.006116214490918796,-0.006104752118992024,-0.005404904020700321
2023-10-27,0.0013299155920640582,0.00019387131080405594,-0.000623620981561831
2023-10-30,-0.005834186330943425,-0.00672039544614002,-0.00679194231319096
2023-10-31,0.0012304700389260538,0.001720400864630045,0.0017157201130515475
2023-11-01,0.004880408638434606,0.00743441501352058,0.008211697689222438
2023-11-02,0.0076449286379428605,0.007313748952799203,0.006382298223513859
2023-11-03,0.008717542060063416,0.011619178972996936,0.012859994080888951
2023-11-06,0.001914583380220042,0.0015743906354032332,0.0012269094048296026
2023-11-07,0.000486744323883903,0.0009492930219342274,0.001996383629364615
2023-11-08,0.002890755604596841,0.0026891501787448427,0.002678295272639503
2023-11-09,0.0033285906049271507,0.003369989340378626,0.0031630825413772623
2023-11-10,-0.0029991769475827433,-0.0023493353202027833,-0.0017001722280968465
2023-11-13,-0.0004826966074878159,-0.0001430334047715033,0.0003800923867282157
2023-11-14,0.004656926497329941,0.006358911651086008,0.006847835071337312
2023-11-15,0.010269878818477629,0.011474264862376338,0.010825325251185687
2023-11-16,-0.0017963838306854507,-0.002568065950262627,-0.002593708589223457
2023-11-17,0.0027296781307304518,0.0018281004182145067,0.001574394755889318
2023-11-20,-0.002596122715711054,-0.002988978341022158,-0.003696291494109977
2023-11-21,0.0036661750770008283,0.0036563647925110243,0.0037241426722572626
2023-11-22,-0.0006035867986917287,-0.001437606199274988,-0.0019001004964437586
2023-11-23,-0.0010257957274169517,-0.0012699223888386513,-0.0009685480365148071
2023-11-24,-0.0006470208000619215,0.0003041339520535369,0.0003718697725881314
2023-11-27,-0.0026360592235292832,-0.0039058270338514947,-0.004266343231690978
2023-11-28,0.001414645469430553,0.0007835534128138921,-0.0001328975150624611
2023-11-29,0.0033715685131308817,0.0024189610927563333,0.0019946541140946662
2023-11-30,0.0022569770764332264,0.0030194294875378336,0.0030195268710265038
2023-12-01,0.00029281692676806577,0.0018503855159850537,0.0030877855984730866
2023-12-04,0.0043784847122647005,0.00455949062143346,0.003924843048489661
2023-12-05,-0.002755577256964158,-0.0045275156726888475,-0.00452286578677499
2023-12-06,0.008488580461487118,0.010341974083658861,0.010341475565612364
2023-12-07,-0.0004986712951054585,-0.0008564956908142962,-0.0007154324064405138
2023-12-08,4.94293140202152e-05,0.0001374141726283527,-0.0006246456169356209
2023-12-11,0.0012989489506886906,0.002459408158351734,0.0031248054564911114
2023-12-12,0.0016450878468912578,0.0023967088540645834,0.002434487766467228
2023-12-13,0.003549791292356201,0.004102288493634043,0.004349403575403909
2023-12-14,0.009733601315662787,0.010169584661211534,0.008846015431901211
2023-12-15,0.00254187852341205,0.003929452661930927,0.004589320207230361
2023-12-18,-0.00031774991306632755,-0.0021583999595938155,-0.0030131918109975384
2023-12-19,0.0019899517846273815,0.0034598963190182854,0.0033041280880738567
2023-12-20,0.0037535194990315564,0.004677450708596532,0.004657462852383525
2023-12-21,-0.0029690716898718057,-0.005498230087566659,-0.006721917547522532
2023-12-22,0.0004702066667786476,0.0007585907384080659,0.0008435162360797455
2023-12-27,0.004292478267206115,0.005294558464221949,0.005129480552479675
2023-12-28,0.0050195539884912,0.005874155600858499,0.006191294659407598
2023-12-29,-0.002061838352337704,-0.0022259681790868847,-0.002130636356377623
2024-01-02,-0.00010974163254606414,0.0012703476949782466,0.0017808656568506244
2024-01-03,-0.005315938109587602,-0.007345927350494296,-0.007434714133999201
2024-01-04,-0.0026478063628325842,-0.0036176725989899407,-0.003947474783722227
2024-01-05,-0.0007885666491740495,0.000657172360856806,0.0018455523717623122
2024-01-08,-0.002546801800527787,-0.0027431208760357708,-0.002800353710051182
2024-01-09,0.006346587361389566,0.007779632888368104,0.007986297199766545
2024-01-10,-0.0021105032676873216,-0.002625232811842404,-0.002615283320624494
2024-01-11,0.0039196101817667115,0.005025707569243764,0.005391354543672941
2024-01-12,-0.00022784007685090264,-0.0009039681737433413,-0.0008316848834473422
2024-01-15,0.0017215587849450796,0.001925596918912992,0.002291026501628816
2024-01-16,-0.0027416455163456832,-0.003139641730759174,-0.0025004147030860827
2024-01-17,-0.0022965573886615533,-0.0027927120183971702,-0.003124434822521479
2024-01-18,-0.004957916743534976,-0.005628802678148293,-0.005691081392455102
2024-01-19,0.004387272806732038,0.006630675758123727,0.007189627086864684
2024-01-22,0.005709538352275281,0.006694152219969446,0.006554218803691226
2024-01-23,0.002217324140475819,0.0022826155860054043,0.002132774996852312
2024-01-24,0.0011348281546126682,0.0027516457510016524,0.003771969546988383
2024-01-25,0.0008429868702825593,0.0018533843506670091,0.0023328753013682627
2024-01-29,0.0028605225883173912,0.0031560774515160817,0.0031463578612463336
2024-01-30,0.003989823788181889,0.0037228804690734195,0.003192963791512017
2024-01-31,0.004371749983759026,0.0053549587236596695,0.005153444644846656
2024-02-01,-0.003286349455602862,-0.005923416284653682,-0.005992091556938141
2024-02-02,0.006765804517944014,0.009691547399409684,0.009887363288035548
2024-02-05,-0.002604808686389769,-0.001896389196669984,-0.0008030679587095965
2024-02-06,-0.0021953575500995447,-0.001985343239594428,-0.0011011047000012905
2024-02-07,0.002527026990200406,0.0032350502112559244,0.00366565203668353
2024-02-08,0.002721475856703686,0.003976872287568999,0.004545777946765221
2024-02-09,0.00046301066067639724,0.0012902065980999466,0.0016611450926789263
2024-02-12,-0.00019804555687235164,-0.0002609529530237464,-2.7836550732428516e-05
2024-02-13,-0.0006068397456828478,-0.0007044079169844341,-0.0007194636508914942
2024-02-14,-0.006712332331537278,-0.007214773766535204,-0.007006303086750152
2024-02-15,0.006996857173233038,0.00829751924106788,0.00852138816415625
2024-02-16,0.0028604440798775553,0.004223201754265393,0.004417075769283522
2024-02-19,-0.001572275098689877,-0.0024364254476118676,-0.003117112721266173
2024-02-20,-0.00016282504918746946,-0.00012839192235609138,-8.699556927812448e-05
2024-02-21,-0.002004469294350949,-0.0028880312977631775,-0.0030599390662387474
2024-02-22,0.0027138474031003232,0.0037567764009946384,0.004306598492276593
2024-02-23,0.0029803714415934193,0.00433920306446236,0.004719399956449601
2024-02-26,0.002522461482350856,0.0015936686717525795,0.001186316020828978
2024-02-27,-0.0007434358862736757,-0.00041746511660564203,-0.00030652888989861186
2024-02-28,0.0010741891140486092,0.0024148483021104784,0.003434138246079027
2024-02-29,0.002005586436036242,0.002392862058985218,0.0019911013448493976
2024-03-01,0.0042298696942739316,0.005606436066558541,0.005982224237911873
2024-03-04,0.00293375172104038,0.0034295637827646943,0.00400229558175577
2024-03-05,0.0004688229175935177,0.00035237466903424437,0.0003366685208006048
2024-03-06,0.00011503325854887465,-0.0012114539742160476,-0.0019815435214038868
2024-03-07,0.0023525500419469257,0.0026838087476499517,0.0019131118851954975
2024-03-08,0.005216888954016745,0.00675997576501095,0.006722863400841702
2024-03-11,-0.004920239257825294,-0.008374816300548099,-0.008803598699937389
2024-03-12,0.0011773669532971487,0.0020426910287383694,0.002701668306286949
2024-03-13,0.001218501852336904,0.0026684558491815056,0.0031258963908808624
2024-03-14,-0.0010285264723438748,-0.0006531921822238773,-0.0003202513601954127
2024-03-15,-0.0026862838753484632,-0.002276039802576857,-0.0018002340101447288
2024-03-18,-0.0007766719749175032,-0.0007874023264410168,-0.0005931433362585303
2024-03-19,0.0036216526432102047,0.003983487305962863,0.004037985101672048
2024-03-20,0.0010221667351241602,0.0010352610471479672,0.0009125352465434077
2024-03-21,0.005409903706793633,0.007610509590439386,0.007832953971114468
2024-03-22,0.002255893031127202,0.0025260556221174896,0.0030394466067959307
2024-03-25,0.0023208023839475403,0.0025195942630492968,0.002504488826092931
2024-03-26,-0.0022599841055605655,-0.002821414672681955,-0.0032925383130275334
2024-03-27,0.0023703351335391054,0.0028979483402427177,0.0028839311343027774
2024-03-28,0.005224260282558977,0.006894783960802075,0.007429899375906393
2024-04-02,-0.0005655677925162483,0.00039282531650303154,0.0014958570235662006
2024-04-03,-0.00758741446386554,-0.00983718799136143,-0.01062414786168124
2024-04-04,0.0013257702197414225,0.0018802520489466733,0.0015117015756870634
2024-04-05,-0.004279779948207328,-0.00700584080380488,-0.0083446437855582
2024-04-08,0.0023951478751953583,0.004558490956192723,0.005862128461581908
2024-04-09,0.001231773929335801,0.001464637615712422,0.0014552917663152177
2024-04-10,0.002039231114739881,0.0019040275461307988,0.0018329923505878342
2024-04-11,-0.0043130594784828065,-0.0029715953983827925,-0.0017984478278855872
2024-04-12,0.0013116692694271092,0.0012695235457645673,0.0015301599126426547
2024-04-15,-0.0032661605029992635,-0.0049553072364556415,-0.005631414303763085
2024-04-16,-0.00843447707684399,-0.011356700473195909,-0.011847742573287814
2024-04-17,-0.0021116058324884166,-0.0015592312236578588,-0.0012127020361773955
2024-04-18,0.002290527638121138,0.002135075665083347,0.0019942529478824177
2024-04-19,-0.005092612780671952,-0.007641920423163018,-0.008375833630188071
2024-04-22,0.002244813408025752,0.004666163644611238,0.004962859102043037
2024-04-23,0.0018450589779596747,0.002268298811342828,0.0023427526966658284
2024-04-24,0.001379837940868005,0.003091847508327128,0.0037169303747613923
2024-04-26,-0.006655327788217467,-0.008073796458720316,-0.008360162362252533
2024-04-29,0.004159019953171488,0.005800828901089649,0.0066925277877638205
2024-04-30,0.003198827959823584,0.003298866348418683,0.003668121982021175
2024-05-01,-0.008362566097512061,-0.009669454401467737,-0.009921958755638966
2024-05-02,0.0021952682735285846,0.001430590197853332,0.000940563099994959
2024-05-03,0.0023836258036210476,0.003472174663673777,0.0037284248877190993
2024-05-06,0.004401789050232063,0.004880736921798384,0.004457634985011512
2024-05-07,0.008694195359774875,0.011099150723553114,0.011500506847511383
2024-05-08,0.0011432137868908144,0.001339806807236049,0.0013363728510831661
2024-05-09,-0.0036189287320187633,-0.004293294355532372,-0.0038753004093717925
2024-05-10,,,
2024-05-13,,,
2024-05-14,-0.0013059502022382007,-0.0018979024533380962,-0.0017851753889494373
2024-05-15,0.0019882420368793597,0.0022429664441265484,0.0018555329384152652
2024-05-16,0.010472136467938414,0.012109833449155394,0.01191073715467283
2024-05-17,-0.004267871375836128,-0.005618044404977373,-0.005614018853942781
2024-05-20,0.0020144940994272597,0.0035932270293207117,0.004072684283612203
2024-05-21,0.00015580674939206466,0.0005337603465655814,0.0010176541918771199
2024-05-22,-0.0003144502961001771,-0.0006068014727874438,-0.0008997596276383946
2024-05-23,-0.0008714234885038429,-0.0008583863575886308,-0.00026741494007796567
2024-05-24,-0.0062187032034335486,-0.008001485079982922,-0.008348430745204615
2024-05-27,0.0033478729311279642,0.004386806824859691,0.004271261281734702
2024-05-28,-0.00043220954086720234,-0.00099041566776501,-0.001326411947948276
2024-05-29,-0.007064080444307138,-0.00805098671786717,-0.00816023636737569
2024-05-30,-0.0037946916933857514,-0.004729926779890959,-0.004941851257382276
2024-05-31,0.0023689123028734524,0.0027643351094689237,0.002289375574208039
2024-06-03,0.006026565754072179,0.007785872366452757,0.008443305728213578
2024-06-04,-0.0008166731024257467,-0.0031517548437946024,-0.00507367830025939
2024-06-05,0.0027396580343238943,0.003064442442999521,0.0033394111097667487
2024-06-06,0.006044049729114371,0.00735473605726633,0.008021028822146658
2024-06-07,0.00041758454250960693,0.0012605414466440312,0.0011637711747720292
2024-06-11,-0.005875410349185593,-0.006114908548705217,-0.005038720218917252
2024-06-12,-0.00023390413556472964,-0.0016739577528933792,-0.0020380314766052965
2024-06-13,0.004470429231716218,0.00453901494891913,0.004279412351489722
2024-06-14,0.00018663371745559213,-0.0005937162482984259,-0.0004942090682221211
2024-06-17,-0.00013969580330208567,-0.0014025267530336396,-0.0014292933607427227
2024-06-18,0.0026664258381481356,0.004843546383641911,0.005072069005621751
2024-06-19,5.306104343784097e-05,-0.0002292063343462824,-0.00020514581199580377
2024-06-20,0.0006748663403637102,0.0010700423400303027,0.0013281910801586612
2024-06-21,0.0007768253567945294,0.0012186710489821562,0.0008483055548958121
2024-06-24,-0.002989752344789708,-0.004429926089530572,-0.004622326458265135
2024-06-25,0.0036146095866789454,0.00532254428474046,0.005229697087371519
2024-06-26,-0.004189099261878985,-0.004604623467000191,-0.004532024426873927
2024-06-27,-0.0032728232583713037,-0.002942310373209217,-0.002938620220645365
2024-06-28,0.005349807808693897,0.005683624887405631,0.006650615846463944
2024-07-01,-0.0024905901881761105,-0.0025589899336117663,-0.0031483032800377975
2024-07-02,-0.0022272000216006973,-0.0022154879084941904,-0.0018442197543824845
2024-07-03,0.0018221312955660851,0.0024679106713653477,0.0025997368651540986
2024-07-04,0.004856180606273148,0.006290640889518439,0.006265262785026173
2024-07-05,0.00021004192527630084,-5.506300925708915e-05,-0.00016168278136368563
2024-07-08,-0.0008902117721847192,-0.002457319407589642,-0.0026681933750080746
2024-07-09,0.0030673794338767052,0.00407075303573276,0.004334594299212366
2024-07-10,-0.0004992570620307457,-0.0009047406642386626,-0.0012829803090095059
2024-07-11,0.004934011156725137,0.00734610787951836,0.008336997638133363
2024-07-12,0.00264118232559136,0.003270472281537612,0.0030469896846993614
2024-07-15,0.0036599560628994654,0.005240903686418341,0.005509342044212502
2024-07-16,0.002937684457320844,0.0022708368158681214,0.00219043836498829
2024-07-17,0.0039140324212465095,0.005225583190228001,0.005650514578667873
2024-07-18,-0.002970568119399331,-0.0045949688171316675,-0.005636852639345666
2024-07-19,-0.005540022459538729,-0.007027579612670187,-0.007463905103439115
2024-07-22,-0.0028356936828438572,-0.0032291904009375373,-0.002848274694027466
2024-07-23,0.0033601371745464945,0.005316742849328482,0.006477824957367815
2024-07-24,-0.0006976016170327816,-0.0014272262561129566,-0.001631406442717327
2024-07-25,-0.0072628876613913314,-0.010024844138361135,-0.010309670260316952
2024-07-26,0.0020212202109409993,0.0029090710922256456,0.0028513742292052544
2024-07-29,0.006743156170373785,0.008542351385968339,0.00928339448027299
2024-07-30,-0.002490130565375746,-0.003686194141918746,-0.004249341826310015
2024-07-31,0.011297970394892084,0.013982120932974438,0.01526949925028981
2024-08-01,0.004280496694910407,0.0046814266539885185,0.0048259680807732665
2024-08-02,-0.01223782069133021,-0.01883763887396118,-0.02198964455447261
2024-08-05,-0.015263215232286572,-0.025846726327027898,-0.028512539989740997
2024-08-06,0.00034445819071329516,0.0037879252984491527,0.004292703179774063
2024-08-07,-0.0011961097813872,-0.0005547033993824669,-0.0001149099383913099
2024-08-08,-0.00400235999242964,-0.005955686467679761,-0.0067858150557221
2024-08-09,0.008440275411459532,0.012103578418718513,0.013329385840956862
2024-08-12,0.004046876849633991,0.00520396161785005,0.0059831792400914215
2024-08-13,0.002702437019511612,0.002804894730169638,0.002560168383036035
2024-08-14,0.004722350931948173,0.005251557919028911,0.00520382264605804
2024-08-15,0.0033101355683866243,0.003862237438230004,0.00428503419378174
2024-08-16,0.006454897898623397,0.010056197189955868,0.011403918932822886
2024-08-19,3.2446850144043264e-05,-0.0003849789623836087,-0.0008433204211095636
2024-08-20,0.0012905785167887875,0.001516024060689364,0.001398821736671698
2024-08-21,0.0011503001910902302,0.00010008344435096233,-0.0007399639329135753
2024-08-22,0.001671895308464991,0.002827130059937311,0.003541696245560294
2024-08-23,-0.0012596134964780372,-0.0012003242377842394,-0.0013185245095495078
2024-08-26,0.004091030267912504,0.0043783127673805156,0.0038863851475051136
2024-08-27,-0.0015844014746731008,-0.0018477257185473828,-0.0024753335598010216
2024-08-28,-0.00042608306095752837,-0.00024131793040827468,-0.00046468132709820203
2024-08-29,-0.0026491663382376936,-0.004082877766872795,-0.005071328016394255
2024-08-30,0.002585057947773941,0.004455111412448582,0.00539060378225347
2024-09-02,0.0017754208892770877,0.0032673838208344685,0.0036817854464940513
2024-09-03,0.0007771220277194145,0.0010270096200813983,0.001255175666933518
2024-09-04,-0.009168074338106857,-0.014271165388741168,-0.015865532388903706
2024-09-05,0.00319179518550667,0.003317579153956163,0.002995328220495206
2024-09-06,0.0003213429317505302,0.00041514054708385287,0.0003585331198962638
2024-09-09,-0.0030457836975721574,-0.003526021026179971,-0.0037286766560346183
2024-09-10,0.0030652892082362257,0.0037272476183018767,0.003983942497807985
2024-09-11,0.0015128817112060955,0.00044755848987787505,0.0003790880224924485
2024-09-12,0.007100367802989488,0.010416128707303289,0.011127724928887861
2024-09-13,0.0036684054490141293,0.004196304059174494,0.004318782214024699
2024-09-16,0.002072739016585222,0.0026249395505670626,0.0028829723315752344
2024-09-17,0.0008738201243892963,0.0010622377929804473,0.0008581196756918808
2024-09-18,-0.0007412614751320567,-0.0005243463833313645,-0.0006183997300835421
2024-09-19,0.0010116605427142656,0.003049992570060001,0.0033890945526994032
2024-09-20,0.002516614863675635,0.002960215891100959,0.0032702828032912757
2024-09-23,-0.0020563585635287917,-0.0025722198050783128,-0.002411634456155461
2024-09-24,0.001242088527789067,0.0013829521887398946,0.002090731658523062
2024-09-25,0.00011631774670550548,-0.0003868356417614183,-0.00041286065482645253
2024-09-26,0.004815405039845791,0.008137255986771296,0.010173670781654773
2024-09-27,-0.0007287256233423877,-0.00014868988839232268,0.0003695488211364139
2024-09-30,-0.00038870337530228264,-0.000648271700723407,-0.0014006554228512774
2024-10-01,-0.0013246870699069257,-0.0017507872801159564,-0.0015786697651861503
2024-10-02,-0.0005820741228088878,-0.0012938053132918181,-0.0006378123983425855
2024-10-03,-0.00010964411050866434,0.0011810418849715787,0.0013869911751315158
2024-10-04,-0.0019148275539930403,-0.0017572354359132293,-0.000737380066567692
2024-10-07,0.001203298052593099,0.004703049576046952,0.006531854826705418
2024-10-08,-0.0006262400676034885,-0.0017468967257632249,-0.002322660721941362
2024-10-09,0.0004088925103609875,0.00023182859254245998,-0.00033745603009056494
2024-10-10,0.0023569510660604682,0.004494253624543238,0.005751082735043585
2024-10-11,-0.00012799018325640996,-0.000659410264499155,-0.00127617656065976
2024-10-14,0.0023575531909918513,0.003910444246642298,0.004797483261152542
2024-10-15,0.005203635764366307,0.006987536740499966,0.007532725959347457
2024-10-16,-0.0014522942099990908,-0.0030491663983042818,-0.003845816236796507
2024-10-17,0.002504237372194821,0.0039514843560104485,0.004141350405962817
2024-10-18,-0.002959827625155079,-0.0037665562073775807,-0.003583819814238799
2024-10-21,0.00460103806714636,0.005820199470986576,0.006186496180149963
2024-10-22,-0.008157923085444703,-0.00925226843118851,-0.008675559818745324
2024-10-23,0.00025554438786826617,0.0007522844094471181,0.0008890939374555939
2024-10-24,-0.0007270109297852012,-0.001664066618368315,-0.002321055367178008
2024-10-25,0.001073431634563895,0.000931512618157998,0.0011746303177532793
2024-10-28,0.0013634053803170364,0.0028185620287788757,0.0035985955533318756
2024-10-29,0.002104410208617775,0.002438594837746377,0.002688090438848735
2024-10-30,-0.0006753289540819693,-0.0012731777525537503,-0.0009539695086222399
2024-10-31,-0.004233251077382481,-0.0050133150735607755,-0.0056114684838769495
2024-11-01,-0.005435893347611819,-0.006680876073991948,-0.007254367855498547
2024-11-04,0.0014921707582630063,0.0022081476254114606,0.002228959030382097
2024-11-05,-0.001609960023723744,-0.002317866893822329,-0.0021624359479187295
2024-11-06,0.006990544069185132,0.010843555838360537,0.01237000971911544
2024-11-07,-0.00035460553185808895,-0.0009708624423642843,-0.0016048124397751865
2024-11-08,0.005559837714810449,0.006581045372397876,0.006773097798967669
2024-11-11,0.0009985395059576739,0.0011584463052674077,0.0014592880726585938
2024-11-12,0.00019477057231580513,0.00016587753349589485,-0.00016616828736097612
2024-11-13,-0.004968128758751695,-0.005073705753948398,-0.004934937598082116
2024-11-14,0.0008659892357295526,0.00232498735253468,0.0031506975852970713
2024-11-15,0.0018935677345461577,0.001809902911618344,0.001047528688572044
2024-11-18,-7.523031890942417e-06,-0.00028316647086034643,-0.00033292787307191436
2024-11-19,0.0034446654433077707,0.004139843906738828,0.0036139943450622875
2024-11-20,-0.0014830236115709395,-0.0031684105059481106,-0.0038604640225773836
2024-11-21,-0.0007894463624833737,-0.0009075800070256102,-0.0008544094838087969
2024-11-22,0.005502403381283662,0.007273079444046888,0.007606981330495673
2024-11-25,0.004451701652058141,0.004951546891923658,0.0049981450261273
2024-11-26,-0.001841028262902398,-0.0032012312194574623,-0.0032264495036277096
2024-11-27,0.0032978856337887506,0.0044011805811535075,0.004586783247726539
2024-11-28,0.0016284909686343776,0.0018460338603145164,0.001689761807289034
2024-11-29,2.376303937195567e-05,-0.0007194494196553103,-0.0009901240034644477
2024-12-02,0.0014311102000097895,0.0017111486487538074,0.002293182005998263
2024-12-03,0.0044924439833975765,0.0055498567368991066,0.005803860525161535
2024-12-04,0.0009114095435681835,0.0004380469509190743,0.0010486050176976257
2024-12-05,0.002142200539165676,0.0028151181918682766,0.003705766315619873
2024-12-06,-0.001994494544949651,-0.0026755300050148425,-0.0024399940295539214
2024-12-09,0.002828516776892922,0.0030101823112242353,0.003527951918995731
2024-12-10,-0.000940788056652706,-0.002208100105407301,-0.0021832980946085525
2024-12-11,-0.001201920076297337,-0.0016850943768599246,-0.0019171421007182234
2024-12-12,-0.001091643219695808,-0.0008315828946111991,-0.0005643161914411775
2024-12-13,-0.0027797250144680806,-0.0027198283445812434,-0.0025278920706567507
2024-12-16,-0.003432533950585866,-0.004689471621323521,-0.005118463170758258
2024-12-17,0.0035419968691608405,0.004925193748082757,0.005098362871003596
2024-12-18,0.0006256342297611127,0.0012023189435570291,0.00211273987760352
2024-12-19,-0.011954535202715477,-0.014271370268479399,-0.014867562169276217
2024-12-20,-0.006246685736727542,-0.007878264116324524,-0.007773017035577482
2024-12-23,0.010177776949911026,0.012901013260328885,0.013130834708044319
2024-12-24,0.0013044337458856404,0.00252412543913994,0.0030623646514375854
2024-12-27,0.005903475746949976,0.007187216219185555,0.00828996989011565
2024-12-30,-0.005800346248126348,-0.006781779934976296,-0.007992522049867966
2024-12-31,-0.002200669554882947,-0.00474341276890457,-0.005159567016055525
2025-01-02,0.0019956906605508107,0.0030077068055822053,0.0029273248315676006
2025-01-03,0.0012814356682025597,0.0020574196194847686,0.0023654304098095135
2025-01-06,0.0003966448867642161,0.0018698131592404191,0.0021200134060243014
2025-01-07,0.0004453680491812051,0.00033772754991545645,-0.0004896046682298883
2025-01-08,-0.00011714618429570673,0.0010597383806368156,0.0013017339479243406
2025-01-09,0.00018319591395651646,-0.0005572356157482861,-0.0007066902663033158
2025-01-10,-0.0014379389574621015,-0.0012105462382024591,-0.0008342084887898549
2025-01-13,-0.007491799055824208,-0.008840424646114528,-0.009018861183099846
2025-01-14,0.002389918155702967,0.002732894020117638,0.002283523388606027
2025-01-15,-0.0006140409304753492,-0.0005565732227908627,-0.00046753492899476607
2025-01-16,0.010937976965178314,0.012866473361202892,0.013435980248757142
2025-01-17,0.0007768130619339497,0.0004401945277162977,0.0007538268591953391
2025-01-20,0.0035760889565246176,0.0049406411660811445,0.0057558620637469665
2025-01-21,0.002745780205357824,0.0024903348507390064,0.0017125557584433855
2025-01-22,0.002550428466955316,0.004245595003714964,0.0047506335632043735
2025-01-23,-0.0014035609646157556,-0.002508835322358777,-0.002574577874838667
2025-01-24,0.0014923016752809181,0.0022534042537029177,0.00215528378758882
2025-01-28,-0.0025835218140743644,-0.004472334228969199,-0.005332570319513295
2025-01-29,0.005580371312486393,0.007010731324993847,0.008475529612488488
2025-01-30,0.0014890043895908931,0.0024127992038286633,0.002723237360644204
2025-01-31,0.0030906160716614095,0.005084261955328523,0.006368303503377483
2025-02-03,-0.009076694723611249,-0.014292206648019707,-0.01619901657648518
2025-02-04,0.002031653989975335,0.0030619060359208744,0.0036866483266459536
2025-02-05,0.002784079108941895,0.002353534914391575,0.0016357861963099945
2025-02-06,0.006200849536110573,0.0077748016668538426,0.007798535497192292
2025-02-07,-0.0008327797276930138,-0.00024944634144153375,0.00010361334573510745
2025-02-10,-0.002408913630528763,-0.0026099737942449964,-0.002370132889801949
2025-02-11,0.0017175593193472281,0.0016582478433412096,0.0013290310884593094
2025-02-12,-0.0008908996330153861,9.963365704891973e-05,-3.6513989135090737e-05
2025-02-13,0.0011835865167933756,0.0018965092417290164,0.002544059533257259
2025-02-14,0.003952804714988945,0.003997955737537739,0.0038605001144297367
2025-02-17,-0.0018022896816338551,-0.0019059949703877253,-0.002138367963567063
2025-02-18,-0.0017837194831366232,-0.0018502294960407398,-0.000946267801117839
2025-02-19,-0.002013270918544135,-0.0026762812776425617,-0.002604727755019835
2025-02-20,-0.0032555495611029254,-0.005337702618261026,-0.005869923045951746
2025-02-21,-0.0002810562941194238,-0.0005672911906009935,-0.0006362583448148625
2025-02-24,-0.0011346245464220286,-0.0029162078902204677,-0.003683526282342287
2025-02-25,-0.001226427328579185,-0.0023052910338719756,-0.0025877545436272997
2025-02-26,-0.0009110258707783091,-0.0021285779467337673,-0.002090895141891467
2025-02-27,0.0023833723360954825,0.0026450372223535412,0.0027958963310439526
2025-02-28,-0.005905443355481726,-0.009176670808876181,-0.010191582869593466
2025-03-03,0.006546242269342935,0.009853367480949156,0.011065904671577483
2025-03-04,-0.0031769323332942567,-0.0058498123496389665,-0.006932731184178984
2025-03-05,-0.005143476647032234,-0.005418686352590719,-0.00525535372570257
2025-03-06,-0.0029554503968085843,-0.0019983663697662637,-0.001726783098598036
2025-03-07,-0.006246339554205481,-0.010350543966354125,-0.01058961546643472
2025-03-10,-0.0004894702770645641,0.00022282511679260216,-9.7007020783358e-05
2025-03-11,-0.005192301808092012,-0.009265941143967288,-0.011166598085210536
2025-03-12,-0.006477379851590429,-0.007889216493866247,-0.007982429098500618
2025-03-13,-0.0011207760748111395,-0.002035810169105623,-0.002560257145223913
2025-03-14,0.00261956012749343,0.004127091565406393,0.005513338145057493
2025-03-17,0.00373257216974036,0.005456094540333801,0.005812006737042034
2025-03-18,0.0032426278379000225,0.003540481712034649,0.003632501679316884
2025-03-19,-0.002063681706956026,-0.0026598823438574674,-0.002524074966688379
2025-03-20,0.00824604090532473,0.010535777752897314,0.0113601352894908
2025-03-21,-0.001058469805865463,-0.0006720942430529065,-0.0005075297131796143
2025-03-24,0.0021127051717609834,0.0025424470821080905,0.0025490338354512013
2025-03-25,0.001081388178116496,0.0016517825582107349,0.001876858438207838
2025-03-26,0.001843214410902518,0.0034306709033675,0.0034127134542744943
2025-03-27,-0.003815194919347453,-0.005371060621610252,-0.0060424217266976665
2025-03-28,0.0009295619869018402,0.00020231705980352523,-0.00018276344219341
2025-03-31,-0.00938098678023222,-0.015520526870821472,-0.018105908746217442
2025-04-01,0.005851484245365716,0.008765723203836196,0.010081333989523348
2025-04-02,0.00010097731960535312,-0.00039686971647311944,-0.0012581870603728617
2025-04-03,-0.003922231106423399,-0.007790886972009603,-0.009028337740044568
2025-04-04,-0.012220895122480526,-0.01865388535289531,-0.020324077511058764
2025-04-07,-0.028866192837506303,-0.04092607184261577,-0.045659857498702855
2025-04-08,0.011384491473626038,0.018893948985456117,0.020881932552504697
2025-04-09,-0.015370838359627326,-0.018298093440559618,-0.01800174516826014
2025-04-10,0.035659987386385206,0.04709915763576904,0.05020926418583417
2025-04-11,-0.005845973513214635,-0.007668782180961647,-0.008281284391832941
2025-04-14,0.005105006303960649,0.007299566891947851,0.007354378243992022
2025-04-15,-0.0002887045488866314,-0.0015470779844552417,-0.0026835541123360262
2025-04-16,-0.0019728618906621736,-0.0034530323042652467,-0.004378695789935491
2025-04-17,0.00531586770996342,0.006725008690949696,0.007311061627773086
2025-04-22,-0.00613646098748155,-0.008865439024608726,-0.011117582967997518
2025-04-23,0.011712510256807019,0.016508286900932978,0.018862212461592736
2025-04-24,0.0034071622901525327,0.004674377850678901,0.005290314837176651
2025-04-28,0.007038998333329676,0.007834675791793793,0.008145442656526884
2025-04-29,0.004041909525151403,0.005841945937425541,0.006096732118314621
2025-04-30,0.0021576250329435266,0.003247743462366437,0.0037016043978642644
2025-05-01,0.004332916778387886,0.006479607451970598,0.007682693128655744
2025-05-02,0.00282724196404894,0.00501041866858356,0.005597940829600283
2025-05-05,-0.003997366027887065,-0.005087734300147972,-0.00532438624982027
2025-05-06,0.0008972926303898533,0.002051361265413237,0.0028821203327656485
2025-05-07,0.002385802366708387,0.001965997834435418,0.0012961199310771816
2025-05-08,0.003586330647293383,0.004971045813788177,0.006070363229526778
2025-05-09,0.0010925556964388038,0.0029536917830906674,0.003992298574469252
2025-05-12,0.0007340953666289628,0.0022688499909519102,0.0028403876662015043
2025-05-13,0.003235089788234386,0.005356924955900765,0.006532144695968724
2025-05-14,0.0006002042934688057,0.001014404050190254,0.0013822804338882468
2025-05-15,-0.002436979292059638,-0.0019492171765983558,-0.0018590639077161522
2025-05-16,0.007062910164186187,0.00789038261186228,0.008215114278428843
2025-05-19,-0.002018468712664102,-0.002075556218437935,-0.0018266266142666818
2025-05-20,0.004958591937148548,0.004991195908270291,0.0045576063136114455
2025-05-21,0.0010303679271407144,0.002076786109476558,0.0023093977978690446
2025-05-22,-0.004225006972875444,-0.005414511874224942,-0.005920099129342812
2025-05-23,0.0002319921002369261,0.0006530715449232284,0.0007827745335890456
2025-05-26,8.871183329522208e-05,-0.0011026385525605864,-0.0021604807170583244
2025-05-27,0.004032203631882659,0.0041520513174617135,0.004306582360040388
2025-05-28,0.0020855371198303264,0.0033099030891695857,0.004133660785095895
2025-05-29,0.002497620537717139,0.0040601009270607455,0.0051329395650781704
2025-05-30,-0.0009067609906624164,-0.0026407302530730816,-0.003928837271830522
2025-06-02,-0.0021968007756289717,-0.004020142186135017,-0.005514221046901796
2025-06-03,0.004600177829471644,0.006266073911349057,0.0070713479212681065
2025-06-04,0.0038734683149930925,0.006247592387705675,0.007352636189390335
2025-06-05,4.9788899520106884e-05,-0.0007734564562919708,-0.0012201880739942128
2025-06-06,-0.0009124706074242495,-0.0011422426983423218,-0.0012860341643690996
2025-06-10,0.002210424779793767,0.004035067707282097,0.00458551831437747
2025-06-11,0.0015846156801692368,0.0023653091880300016,0.0028766340229438316
2025-06-12,0.0005105229304631098,-0.00046175462009361283,-0.0003879171191258136
2025-06-13,0.00023477507680476958,-0.0017432040962165546,-0.0029709061755351968
2025-06-16,-0.00090773922708678,0.0005256899642455682,0.0009229458601126139
2025-06-17,-0.000900909877040914,-0.0011318233684740164,-0.0012486871483242767
2025-06-18,-0.0005468416005114252,-0.0008913606730940771,-0.0008788305875820278
2025-06-19,-0.00023284566895789166,-0.0012404908713339656,-0.0018342068096529063
2025-06-20,-0.0006409015780935179,-0.0010138693536301479,-0.0010643040916634748
2025-06-23,5.3426445654933746e-05,6.800426859971102e-06,0.0005837334498728053
2025-06-24,0.00589993716581148,0.007176695071334188,0.007344136597055789
2025-06-25,0.0018702664151669757,0.0020088743721520474,0.002542467925017381
2025-06-26,-0.0005973132615582432,-0.0011078535183355498,-0.0014079141810818489
2025-06-27,0.0003051985142976031,0.0007235592630407571,0.001196071313872643
2025-06-30,0.0030097231060953245,0.0042713211235439925,0.004335343019583545
2025-07-01,0.0007556753998282563,-0.00047176597983176745,-0.0010386699326042738
2025-07-02,0.0017084649557184306,0.003395072402826066,0.003665872210931533
2025-07-03,0.0006119289283060614,0.0010994181412571414,0.0015423190593235425
2025-07-04,0.0010466079274003203,0.0017623060399494129,0.0022870009835102637
2025-07-07,0.0003353808377289667,0.000739926080175396,0.001605440165555293
2025-07-08,-0.0032775302835250236,-0.0028894529445112117,-0.0029428039871967093
2025-07-09,-0.002751948111907906,-0.0030342575878873285,-0.0028387810064145315
2025-07-10,0.0037467294757437064,0.00393039266055138,0.003480102741018332
2025-07-11,-0.0011865150841374591,-0.0016744853573594342,-0.0022504342825323156
2025-07-14,-0.002369533294152835,-0.0024709661848520857,-0.002566029050099022
2025-07-15,0.005071969728257786,0.0073199553445152605,0.008584789824117858
2025-07-16,-0.004148835844228974,-0.005339949323183941,-0.005298331902132624
2025-07-17,0.006177386605572513,0.008447105954535305,0.009599771007681734
2025-07-18,0.0051595343978975885,0.0069642559078580074,0.007340777841613641
2025-07-21,-0.0029497240277751545,-0.0044068141070906395,-0.0046689456377614885
2025-07-22,0.0018087043588544205,0.0016973359477167717,0.0018244061316688286
2025-07-23,0.0026907633847505917,0.003513214774849183,0.0031612653264494893
2025-07-24,-0.001762965909243577,-0.001695364415013406,-0.0016263835110244063
2025-07-25,-0.0008337465801628764,-0.0011880312691762208,-0.0010903290660031163
2025-07-28,0.003229720336354541,0.004323426516343093,0.004756767724356769
2025-07-29,-0.0010193711750843115,-0.0017159453700707707,-0.002124067105335651
2025-07-30,0.0030050439218881728,0.003330500175206219,0.003333746169572359
2025-07-31,0.0009662098414062192,0.0014757536902344657,0.0017955751638133058
2025-08-01,-0.005549812747390894,-0.007118567546693072,-0.007355298653100241
2025-08-04,-0.0010924259112323695,-0.003157693145883516,-0.0042407487303138735
2025-08-05,0.008185558893329073,0.01098658478379362,0.012218427826280893
2025-08-06,0.000343377446480145,0.0016579752921606625,0.0016400188853594425
2025-08-07,0.001035125680350697,0.0013325384565326282,0.0017657885670424435
2025-08-08,-0.00014689012006146137,-0.00043822150223573605,-0.0006840382026417735
2025-08-11,0.002245798677333578,0.003216653239218475,0.003547811947060494
2025-08-12,0.0012661079371634274,0.0020261060688319126,0.0023164547782761114
2025-08-13,0.0009639164152878988,0.0008515421495268017,0.0014217653687274869
2025-08-14,0.0017038768915704503,0.002196667599345698,0.002044658189218578
2025-08-15,0.00422472753916899,0.006364521522222727,0.007388551308470858
2025-08-18,-0.0008446452307287722,-0.0003081254237139395,-0.0001781266865370359
2025-08-19,-0.0017933521207024617,-0.0016739126759693804,-0.0012983769983557437
2025-08-20,0.0010888963611134096,0.0014360333024732053,0.0011360114116763143
2025-08-21,0.00427368128297425,0.005837623608347969,0.006537127824278544
2025-08-22,-0.00332204981756965,-0.003940379064422711,-0.003988787726591254
2025-08-25,0.003875295801836514,0.004476828033138925,0.004985149032330357
2025-08-26,-0.0022225129494775754,-0.0030639790041241013,-0.003427258873861484
2025-08-27,0.0014693747180001583,0.002301863437698076,0.0023316925871288154
2025-08-28,0.0011722998185863332,0.00019601132660996835,-0.0012062741649576194
2025-08-29,-0.0001899535716284594,-0.00016503628054457262,-4.845372671646316e-05
2025-09-01,-0.0020002056569090824,-0.002550790777945694,-0.0026055513856298156
2025-09-02,-0.0006247799205161375,-0.0008043875068806605,-0.0005008462617966357
2025-09-03,-0.006767802414533042,-0.009154055750727436,-0.009227498542136987
2025-09-04,0.005473783005049087,0.006503920721576468,0.006010813113544771
2025-09-05,0.00500450610528443,0.00663080487018528,0.007483965716113045
2025-09-08,-0.0004340649366858441,-0.0018435809046672246,-0.002352070292479533
2025-09-09,-0.000321453764037406,-0.0014217547796250506,-0.0014761206508920733
2025-09-10,0.001865084201449817,0.0025709378771306022,0.002828987128149581
2025-09-11,0.0001377652575690835,7.072075775618744e-05,0.00019014178865707116
2025-09-12,0.0030184855168045545,0.004096917407060796,0.003854523795904039
2025-09-15,-0.0006789659287630989,-0.0003614430614417352,-8.619505703184036e-05
2025-09-16,0.003401204947240062,0.004025019801321439,0.004566234055850238
2025-09-17,-0.002938263227702077,-0.004430121681356869,-0.004424042758480205
2025-09-18,0.0004419810458945126,0.0005187471147679253,0.00173770560558049
2025-09-19,0.0012116279335049182,0.0024330316105155014,0.0030634984448771607
2025-09-22,0.0016871827634881466,0.002742339762509649,0.0031010551451765038
2025-09-23,0.00357283239204727,0.004354606275820849,0.004875247216092
2025-09-24,-0.004174605384249987,-0.005635134500882617,-0.0061100736127173635
2025-09-25,-0.0003542793769194695,0.00021609295756914722,0.0006713550680325161
2025-09-26,-0.0008869513533119489,-0.0005475765130994626,-0.000654703856722172
2025-09-29,0.004830045324985679,0.005642945295963398,0.00565748589742015
2025-09-30,0.00011332710930945914,-0.00042919389877527634,-0.0007320511110601955
2025-10-01,-0.0004433381797208702,-0.00014703322286893636,0.0001434032768949845
2025-10-02,0.005855656584490503,0.008148367556897585,0.00894495765757227
2025-10-03,0.002361218936141123,0.003660275727890666,0.004227895106227993
2025-10-06,0.0006721542253606384,0.0011318403498081333,0.001433024278415651
2025-10-07,4.441991662751041e-07,-0.0006799663302842207,-0.0007944836596931426
2025-10-08,0.0005640295166692377,0.00043196574758705425,0.0007359055181259088
2025-10-09,0.0016068433552111137,0.0019326209042903777,0.0019021627454451798
2025-10-10,-0.0016253100852962666,-0.0019604248191903654,-0.002165340193295422
2025-10-13,-0.0025812689677228266,-0.005378382265767356,-0.006654301204030161
2025-10-14,0.003877879723025635,0.004142745582117602,0.005058659597856861
2025-10-15,0.0037582114468443484,0.005133752519628954,0.005143268762531157
2025-10-16,0.005445478709403498,0.0072162397837224335,0.008041656677871154
2025-10-17,-0.0011496863671759264,-0.0035903776315735544,-0.004383791714936632
2025-10-20,0.0010698578182414308,0.002667925010977851,0.002902974497938713
2025-10-21,0.0056330780509312745,0.0068563546909410356,0.007528755587534625
2025-10-22,-0.0038830094722712557,-0.0054782016851712256,-0.006205796429347034
2025-10-23,-0.0012282445420798782,-0.0010702092056329936,-0.0012711412054731209
2025-10-27,0.0038967260882023665,0.006603722130905243,0.008222969154963873
2025-10-28,-0.002201186731179069,-0.0037680266876568337,-0.0050831014961018215
2025-10-29,-0.003022610611848922,-0.003948323684588401,-0.0038110080114738772
2025-10-30,-0.0031052653683080033,-0.0034878794848340502,-0.0032206660281629785
2025-10-31,0.0012141719668043005,0.0015004612187701604,0.0017866123797067332
2025-11-03,-0.0013027620429794007,-0.0014605467522595728,-0.001959138596534642
2025-11-04,-0.003582335637246333,-0.005066791514584501,-0.0051547381412904245
2025-11-05,-0.0020422148207924237,-0.003462888053507201,-0.004187183647803744
2025-11-06,0.0016803933877465116,0.003123336966937979,0.0038351421431427287
2025-11-07,-0.0022913376369985273,-0.003958771274267953,-0.004484199003180014
2025-11-10,0.002666640199344649,0.004753861786781672,0.005547414419847411
2025-11-11,0.0036466335058284137,0.004413793554854234,0.004730290775511372
2025-11-12,0.0015702362212827213,0.0016942842422600023,0.00216321772742879
2025-11-13,-0.0008149219774715752,-0.001508037228977843,-0.0018526124822865297
2025-11-14,-0.008278978529740424,-0.011350409818631595,-0.011878972365403024
2025-11-17,-0.0007084198859331093,0.0003292476912248874,0.0006137697131320429
2025-11-18,-0.00929291384073744,-0.013873706480943694,-0.015152706126286749
2025-11-19,-0.0009444175727435952,-0.001865566514930994,-0.0023281647327103644
2025-11-20,0.007455707885105091,0.011558192336696756,0.013269309801984566
2025-11-21,-0.010604145057161028,-0.015283843280982102,-0.017214071959538592
2025-11-24,0.006185192992165311,0.008725113551064307,0.009149608682961184
2025-11-25,0.004703089450582795,0.005727808004749585,0.0067665673511497154
2025-11-26,0.0035839148407440435,0.0062581692004451805,0.007007941899707692
2025-11-27,0.0011334987300873056,0.0008007699970080828,0.00047293064258694404
2025-11-28,-0.0017333923643847494,-0.0008505432240050626,-0.0004753739141152714
2025-12-01,-0.00034865031402869654,-0.002058698100077449,-0.0027573898175922923
2025-12-02,-0.00043902988637197556,0.0005837340962102644,0.0007023161894826701
2025-12-03,0.0008392444947379917,0.001595499551754609,0.001737342241254416
2025-12-04,-0.0011683024009703279,-0.0019200852916111957,-0.0030420574504271373
2025-12-05,0.0012379139477047476,0.0013746364943247546,0.0014912958517124596
2025-12-08,-0.0005374712028653661,-0.00016871447061704293,2.3547289351287854e-05
2025-12-09,-0.004297376899536279,-0.004836976027367901,-0.005324506200012384
2025-12-10,-0.0004996408782978279,-0.00045525932376986884,-0.0004139621163328223
2025-12-11,0.0013297319537102748,0.0005594814878126741,3.5491869332910904e-05
2025-12-12,0.006126995420828832,0.008718539727470387,0.009445204148380307
2025-12-15,-0.0022182333907685235,-0.003703121906480377,-0.004010148745336882
2025-12-16,-0.0032407342149415284,-0.004926647363794973,-0.006037501896071471
2025-12-17,-8.902116202237902e-05,0.0004956720272751402,0.0012707970820601622
2025-12-18,-0.00033811541429326533,-0.0008177711825616941,-0.0008244649851493135
2025-12-19,0.0025714982018387776,0.003864919143890077,0.004264849148423242
2025-12-22,0.004697884828740274,0.0076537298195081096,0.00888341407843187
2025-12-23,0.004663889761667388,0.005788256289782917,0.005261189537784654
2025-12-24,-0.0008723898374340365,-0.0015103804834149638,-0.0018117917185051745
2025-12-29,-0.00019585884350757925,-0.0007596991608836698,-0.000770723645329732
2025-12-30,-0.0013951251790565024,-0.0018650427750340037,-0.0021612396429285573
2025-12-31,6.657221667587639e-05,-0.0002609386611863995,-0.0001532609902191762
2026-01-02,-0.00028063029645328247,0.0009595217424854642,0.0017520671719137729
2026-01-05,0.0024391153143197767,0.003190963798731555,0.004332095405391886
2026-01-06,-0.0002385878424797527,-0.001141000755764926,-0.001207400815138916
2026-01-07,0.0006076983876023745,0.00048294600391184946,5.5106003424841666e-05
2026-01-08,0.0021010064606829717,0.00218220533229136,0.0025282094645141515
2026-01-09,0.0005507759939553335,0.0007249204009914745,0.0008943673028328325
2026-01-12,0.0026941349011738837,0.003772476025869076,0.004248547059012931
2026-01-13,0.0030019079203435694,0.004185189971468218,0.004723615377380563
2026-01-14,0.0007828620063317694,0.001151463943688108,0.0015742028023689458
2026-01-15,0.0012631526038291239,0.001303612541981036,0.0011488650583805415
2026-01-16,0.0021346567421822596,0.003427935182334385,0.0035015384704816578
2026-01-19,-0.00359685054991452,-0.004524201566740949,-0.004556182782159635
2026-01-20,-0.004057550030418622,-0.005171734288730013,-0.005851448063065727
2026-01-21,-0.0013467409660491458,-0.0027021012361849958,-0.003138383635050828
2026-01-22,0.002070771659243009,0.0034487948820312803,0.00308025359294504
2026-01-23,0.0013020339854035558,0.001344501661772335,0.0013774560543917957
2026-01-27,0.0034727951760569805,0.004290119252573809,0.00389694294686935
2026-01-28,0.0009070930664931533,-7.497124461450233e-05,-0.0006570029612855965
2026-01-29,-0.0010551907389441382,-0.002973528232227252,-0.004866483801444203
2026-01-30,-0.0038958578618562135,-0.0048492486000477845,-0.004992180881712506
2026-02-02,-0.008267593285005228,-0.010855860489168208,-0.012074502174456764
2026-02-03,0.006404374387088373,0.0091586470455501,0.009761191975298247
2026-02-04,0.000516185408068704,9.677839193717548e-05,-0.0007782057125161582
2026-02-05,-0.002433135258816962,-0.0033074888887809745,-0.003584342748145052
2026-02-06,-0.009173156814840334,-0.01426818385754368,-0.015471150116483845
2026-02-09,0.011103418790046546,0.016151429987322302,0.017482808770991173
2026-02-10,0.002125296582468972,0.00229025863071598,0.00235109159668311
2026-02-11,0.0041340982489090905,0.005083458321188538,0.0049035983515209975
2026-02-12,-0.00016468501343772752,-0.0005426332208931572,-0.001466587850957489
2026-02-13,-0.006564769790684936,-0.010118804349604835,-0.011492931805870656
2026-02-16,0.0019359337626165018,0.0022914212549636436,0.002658742742337053
2026-02-17,-0.000764761654477324,-0.0012741668280787822,-0.0017594081927613315
2026-02-18,0.003808258463524552,0.006249256149430438,0.007185038544000655
2026-02-19,0.0029322778274674215,0.004458419682486697,0.004995407015137917
2026-02-20,0.001194738716047743,0.0004902785760133533,-6.32342229413434e-06
2026-02-23,-0.001177745284512226,-0.0026815042555558394,-0.002837477877193722
2026-02-24,0.0010076044479542844,0.0007730241197913657,0.0007340098931639406
2026-02-25,0.0023846432470862374,0.00416118759972306,0.004588739252092343
2026-02-26,0.0032782386579905884,0.004300518437474326,0.004117001478327851
2026-02-27,3.1902963206207306e-05,-0.0006175773882898474,-0.0013536090085214728
2026-03-02,-0.00046960410931318414,-0.0013768987436764744,-0.0019851366481195435
2026-03-03,-0.006941268255101805,-0.008929841521787175,-0.01038556576301019
2026-03-04,-0.00839860160407683,-0.011583888328105208,-0.01224177026363834
2026-03-05,0.00389788114874333,0.006263303241292346,0.007117579436263903
2026-03-06,-0.003671852488529649,-0.004568933047832918,-0.004254328509307818
2026-03-09,-0.01992929785823,-0.026171202103922195,-0.028999790495414377
2026-03-10,0.011154526564651875,0.013437034962690386,0.014481378083705379
2026-03-11,0.0010128408563583968,0.0012700932407475217,0.0009383310523562562
2026-03-12,-0.00959456469513516,-0.012097132278608586,-0.013304886914923401
2026-03-13,0.00015859406634730067,0.0009195645010462104,0.0017509658171504664
2026-03-16,-0.0022045493822653844,-0.0027516484953608645,-0.0028182309208360777
2026-03-17,0.002426914939463929,0.002774611196651667,0.002768742104471649
2026-03-18,0.0033719614860122284,0.00379408717845775,0.003665533494603569
2026-03-19,-0.011223549588130455,-0.014299999610581282,-0.015447401821460231
2026-03-20,-0.006577540971835257,-0.008221334825485243,-0.00921106789193018
2026-03-23,-0.01147803157653102,-0.012684648697885896,-0.013376466296624642
2026-03-24,0.0044877090953231984,0.00553157854348379,0.006864043835859236
2026-03-25,0.013066828033801894,0.016860797151330754,0.01880300344038886
2026-03-26,-0.0027225034113434565,-0.0030068243299031794,-0.002990012636872308
2026-03-27,-0.0037139874852321285,-0.0030286832767923823,-0.002702655128255459
2026-03-30,-0.005062362245929288,-0.0077685383517943525,-0.008927273025748006
2026-03-31,0.004494027926530353,0.004460184277585872,0.0043394955622081425
2026-04-01,0.014137426553844203,0.017866016576058172,0.01948149700090227
2026-04-02,-0.006086163910446006,-0.007357840482229073,-0.00818173730708201
2026-04-07,0.00663558864074485,0.009379387972940472,0.010010859200812456
2026-04-08,0.01616029889315319,0.021769699918020136,0.023872838196898186
2026-04-09,-0.0011402760903715071,-0.0016567375177359291,-0.002203499930040105
2026-04-10,0.0004256535336315914,0.0010027227777309302,0.0012311448086320532
2026-04-13,-0.0032680971086379764,-0.00414670712364607,-0.004479607500726384
2026-04-14,0.00725095920431948,0.008463642048018161,0.009166108557484528
2026-04-15,0.002843355235173888,0.003565656627277059,0.004034713296135497
2026-04-16,0.0010719358257173196,0.001906965873451011,0.0024955165926282097
2026-04-17,-0.0010126072691736166,-0.0006308286578692257,-0.00044396441775703565
2026-04-20,0.0035985771855310666,0.004003100041207364,0.004768991273196917
2026-04-21,0.002144073353137005,0.0022406785527503085,0.0026445412989117476
2026-04-22,-0.004954374347118711,-0.006405991129318389,-0.006716609078247652
2026-04-23,-0.0034173505018541936,-0.0039500764610842405,-0.004384105942215035
2026-04-24,0.001194405464570626,0.0012123791037186417,0.0014648978855819074
2026-04-27,-0.00024342067695271805,-0.00040873139920508133,-6.961409643886255e-05
2026-04-28,-0.003516506890941181,-0.004468902405598224,-0.005237735686477344
2026-04-29,-0.00018561756514227863,-0.00033484590327199627,-2.35038405974241e-05
2026-04-30,-0.0034333386312930202,-0.003123012937420466,-0.0031921563624886825
2026-05-01,0.00696791286170839,0.008379682558648972,0.009093299860652495
2026-05-04,5.11891620076975e-05,-0.0011416739190590495,-0.0015552795007298169
2026-05-05,-0.0016380918161854052,-0.0014220565016278442,-0.0012357395510319814
2026-05-06,0.005766972072123441,0.007242824511989232,0.006955416775241596
2026-05-07,0.0075142801794078635,0.009647043321442613,0.01098243184571476
2026-05-08,-0.0051888040458221,-0.00683370373552411,-0.006858031838157134
2026-05-11,-0.0008666377101668476,-0.001248103534129158,-0.0015541567047581018
2026-05-12,-0.0005570239924172182,-0.0007273157943757769,-0.0005855948501581046
2026-05-13,-0.0004183153420451868,-0.0003726336904427363,-0.0005563973872064387
2026-05-14,0.0014473304621320305,0.0009283839891236322,0.0005195176173032403
2026-05-15,-0.000794971413925807,0.00031516910922093624,0.0007347339125761685
2026-05-18,-0.007675630767945871,-0.009887472798086107,-0.010204546738001747
2026-05-19,0.004736946125870789,0.0061402314349525144,0.006141670593892461
2026-05-20,-0.004675815060721457,-0.006437578094565589,-0.00660964901073223
2026-05-21,0.009715359218498518,0.011826479189041549,0.01242209866051007
2026-05-22,0.0031427792009431207,0.003545284202345006,0.003941233031295569
2026-05-25,0.004740834259747005,0.005821281862000477,0.006746184135310917
2026-05-26,-0.0016062466315711413,-0.0020374502796205395,-0.0018137719073859427
2026-05-27,0.0013126701076685986,0.002115854633823816,0.0022049038532547882
2026-05-28,-0.00456601118325249,-0.006657503799385244,-0.007479790900953638
2026-05-29,0.0072858063735730845,0.009433239607709044,0.009772408914339567
2026-06-01,0.0007673880275969713,0.001248758990371407,0.0019025642727132032
2026-06-02,-0.0010497471088153942,-0.0011580048163487343,-0.0007669310598459346
2026-06-03,0.0017218372998460628,0.0028891993623950114,0.002877163895795663
2026-06-04,-0.0066527139827976655,-0.009724666175337049,-0.01013208537078882
2026-06-05,0.001130440609194684,0.0014828891380447126,0.0012460123506866506
2026-06-09,-0.004450449065428475,-0.004758528874817097,-0.004795155276668772
2026-06-10,-0.0005384953525016871,-0.0009294376721844634,-0.0018789540793013697
2026-06-11,-0.004342318887208503,-0.004894304112204739,-0.0049358458075297335
2026-06-12,0.011280302806118369,0.014423544744297677,0.014982641235881859
2026-06-15,0.010468504243412132,0.01399325438080098,0.01633744705656638
2026-06-16,0.0005845231255743177,0.0013063286910963256,0.0017771047414812426
2026-06-17,0.0019888344861466976,0.002160866682550316,0.001962788134496227
2026-06-18,-0.0029057780621330044,-0.0035949596988126995,-0.0031207621675454476
2026-06-19,-0.004969264864500844,-0.006330101482015499,-0.006751279265136261
2026-06-22,0.0011037692555509993,0.0017109414620301358,0.0028034591603677663
2026-06-23,-0.0036906302681890225,-0.005464800764455564,-0.006604544167494784
2026-06-24,0.001585128406248334,0.0016066319964148034,0.001536349758912692
2026-06-25,-4.286526308557308e-05,-0.0004896309552988587,-8.129956902951248e-05
2026-06-26,-0.0023658274979339792,-0.004050977178159926,-0.005965923328114762
2026-06-29,0.004239236592673597,0.006391119678107716,0.0077119885929100235
2026-06-30,0.0015065602791291977,0.001816222065516349,0.002636405804838335
2026-07-01,-0.002803064702912862,-0.0035696320313478302,-0.0035681692841348467
2026-07-02,-0.0002813961752192763,-5.109133686986931e-06,0.00023295732450459897
